-- phpMyAdmin SQL Dump
-- version 5.1.1
-- https://www.phpmyadmin.net/
--
-- Host: 127.0.0.1
-- Generation Time: Sep 06, 2022 at 11:44 PM
-- Server version: 10.4.22-MariaDB
-- PHP Version: 8.1.2

SET SQL_MODE = "NO_AUTO_VALUE_ON_ZERO";
START TRANSACTION;
SET time_zone = "+00:00";


/*!40101 SET @OLD_CHARACTER_SET_CLIENT=@@CHARACTER_SET_CLIENT */;
/*!40101 SET @OLD_CHARACTER_SET_RESULTS=@@CHARACTER_SET_RESULTS */;
/*!40101 SET @OLD_COLLATION_CONNECTION=@@COLLATION_CONNECTION */;
/*!40101 SET NAMES utf8mb4 */;

--
-- Database: `mecom`
--

-- --------------------------------------------------------

--
-- Table structure for table `banners`
--

CREATE TABLE IF NOT EXISTS `banners` (
  `id` bigint(20) UNSIGNED NOT NULL AUTO_INCREMENT,
  `banner_title` varchar(255) COLLATE utf8mb4_unicode_ci NOT NULL,
  `banner_url` varchar(255) COLLATE utf8mb4_unicode_ci NOT NULL,
  `banner_image` varchar(255) COLLATE utf8mb4_unicode_ci NOT NULL,
  `created_at` timestamp NULL DEFAULT NULL,
  `updated_at` timestamp NULL DEFAULT NULL,
  PRIMARY KEY (`id`)
) ENGINE=InnoDB AUTO_INCREMENT=5 DEFAULT CHARSET=utf8mb4 COLLATE=utf8mb4_unicode_ci;

--
-- Dumping data for table `banners`
--

INSERT INTO `banners` (`id`, `banner_title`, `banner_url`, `banner_image`, `created_at`, `updated_at`) VALUES
(1, 'Everyday Fresh & Clean with Our Products', 'https://www.facebook.com/', 'upload/banner/1740131167837853.png', NULL, NULL),
(2, 'Make your Breakfast Healthy and Easy', 'https://www.youtube.com/', 'upload/banner/1740131195664678.png', NULL, NULL),
(3, 'The best Organic Products Online', 'https://www.youtube.com/', 'upload/banner/1740131213399656.png', NULL, NULL);

-- --------------------------------------------------------

--
-- Table structure for table `blog_categories`
--

CREATE TABLE IF NOT EXISTS `blog_categories` (
  `id` bigint(20) UNSIGNED NOT NULL AUTO_INCREMENT,
  `blog_category_name` varchar(255) COLLATE utf8mb4_unicode_ci NOT NULL,
  `blog_category_slug` varchar(255) COLLATE utf8mb4_unicode_ci NOT NULL,
  `created_at` timestamp NULL DEFAULT NULL,
  `updated_at` timestamp NULL DEFAULT NULL,
  PRIMARY KEY (`id`)
) ENGINE=InnoDB AUTO_INCREMENT=6 DEFAULT CHARSET=utf8mb4 COLLATE=utf8mb4_unicode_ci;

--
-- Dumping data for table `blog_categories`
--

INSERT INTO `blog_categories` (`id`, `blog_category_name`, `blog_category_slug`, `created_at`, `updated_at`) VALUES
(1, 'Clothing', 'clothing', '2022-08-29 12:54:40', NULL),
(2, 'Pet Foods', 'pet-foods', '2022-08-29 12:54:59', NULL),
(3, 'Fresh Fruit', 'fresh-fruit', '2022-08-29 12:55:11', NULL),
(4, 'Baking material', 'baking-material', '2022-08-29 12:55:31', NULL);

-- --------------------------------------------------------

--
-- Table structure for table `blog_posts`
--

CREATE TABLE IF NOT EXISTS `blog_posts` (
  `id` bigint(20) UNSIGNED NOT NULL AUTO_INCREMENT,
  `category_id` int(11) NOT NULL,
  `post_title` varchar(255) COLLATE utf8mb4_unicode_ci NOT NULL,
  `post_slug` varchar(255) COLLATE utf8mb4_unicode_ci NOT NULL,
  `post_image` varchar(255) COLLATE utf8mb4_unicode_ci NOT NULL,
  `post_short_description` text COLLATE utf8mb4_unicode_ci NOT NULL,
  `post_long_description` text COLLATE utf8mb4_unicode_ci NOT NULL,
  `created_at` timestamp NULL DEFAULT NULL,
  `updated_at` timestamp NULL DEFAULT NULL,
  PRIMARY KEY (`id`)
) ENGINE=InnoDB AUTO_INCREMENT=5 DEFAULT CHARSET=utf8mb4 COLLATE=utf8mb4_unicode_ci;

--
-- Dumping data for table `blog_posts`
--

INSERT INTO `blog_posts` (`id`, `category_id`, `post_title`, `post_slug`, `post_image`, `post_short_description`, `post_long_description`, `created_at`, `updated_at`) VALUES
(1, 2, '9 Tasty Ideas That Will Inspire You to Grow', '9-tasty-ideas-that-will-inspire-you-to-grow', 'upload/blog/1742526401515749.jpg', 'Lorem ipsum dolor sit amet, consectetur adipiscing elit, sed do eiusmod tempor incididunt ut labore et dolore magna aliqua. Ut enim ad minim veniam, quis nostrud exercitation ullamco laboris nisi ut aliquip ex ea commodo consequat. Duis aute irure dolor in reprehenderit in voluptate velit esse cillum dolore eu fugiat nulla pariatur.', '<p><span style=\"color: #7e7e7e; font-family: Lato, sans-serif; font-size: 16px; background-color: #ffffff;\">Lorem ipsum dolor sit amet, consectetur adipiscing elit, sed do eiusmod tempor incididunt ut labore et dolore magna aliqua. Ut enim ad minim veniam, quis nostrud exercitation ullamco laboris nisi ut aliquip ex ea commodo consequat. Duis aute irure dolor in reprehenderit in voluptate velit esse cillum dolore eu fugiat nulla pariatur.</span><span style=\"background-color: #ffffff; color: #7e7e7e; font-family: Lato, sans-serif; font-size: 16px;\">Lorem ipsum dolor sit amet, consectetur adipiscing elit, sed do eiusmod tempor incididunt ut labore et dolore magna aliqua. Ut enim ad minim veniam, quis nostrud exercitation ullamco laboris nisi ut aliquip ex ea commodo consequat. Duis aute irure dolor in reprehenderit in voluptate velit esse cillum dolore eu fugiat nulla pariatur.</span><span style=\"background-color: #ffffff; color: #7e7e7e; font-family: Lato, sans-serif; font-size: 16px;\">Lorem ipsum dolor sit amet, consectetur adipiscing elit, sed do eiusmod tempor incididunt ut labore et dolore magna aliqua. Ut enim ad minim veniam, quis nostrud exercitation ullamco laboris nisi ut aliquip ex ea commodo consequat. Duis aute irure dolor in reprehenderit in voluptate velit esse cillum dolore eu fugiat nulla pariatur.</span><span style=\"background-color: #ffffff; color: #7e7e7e; font-family: Lato, sans-serif; font-size: 16px;\">Lorem ipsum dolor sit amet, consectetur adipiscing elit, sed do eiusmod tempor incididunt ut labore et dolore magna aliqua. </span></p>\r\n<p>&nbsp;</p>\r\n<p><span style=\"background-color: #ffffff; color: #7e7e7e; font-family: Lato, sans-serif; font-size: 16px;\">Lorem ipsum dolor sit amet, consectetur adipiscing elit, sed do eiusmod tempor incididunt ut labore et dolore magna aliqua. Ut enim ad minim veniam, quis nostrud exercitation ullamco laboris nisi ut aliquip ex ea commodo consequat. Duis aute irure dolor in reprehenderit in voluptate velit esse cillum dolore eu fugiat nulla pariatur.</span></p>\r\n<p>&nbsp;</p>\r\n<p><span style=\"background-color: #ffffff; color: #7e7e7e; font-family: Lato, sans-serif; font-size: 16px;\">Ut enim ad minim veniam, quis nostrud exercitation ullamco laboris nisi ut aliquip ex ea commodo consequat. Duis aute irure dolor in reprehenderit in voluptate velit esse cillum dolore eu fugiat nulla pariatur.</span></p>', '2022-08-29 13:51:15', NULL),
(2, 2, 'You to Grow a Home Herb Garden Today', 'you-to-grow-a-home-herb-garden-today', 'upload/blog/1742526462113580.png', 'Lorem ipsum dolor sit amet, consectetur adipiscing elit, sed do eiusmod tempor incididunt ut labore et dolore magna aliqua. Ut enim ad minim veniam, quis nostrud exercitation ullamco laboris nisi ut aliquip ex ea commodo consequat. Duis aute irure dolor in reprehenderit in voluptate velit esse cillum dolore eu fugiat nulla pariatur.', '<p class=\"single-excerpt\" style=\"box-sizing: border-box; margin: 0px 0px 1.2em; padding: 0px; border: 0px; font-variant-numeric: inherit; font-variant-east-asian: inherit; font-stretch: inherit; font-size: 24px; line-height: 32px; font-family: Lato, sans-serif; vertical-align: baseline; color: #253d4e; background-color: #ffffff;\">Helping everyone live happier, healthier lives at home through their kitchen. Kitchn is a daily food magazine on the Web celebrating life in the kitchen through home cooking and kitchen intelligence.</p>\r\n<p style=\"box-sizing: border-box; margin: 0px 0px 1.2em; padding: 0px; border: 0px; font-variant-numeric: inherit; font-variant-east-asian: inherit; font-stretch: inherit; font-size: 17px; line-height: 24px; font-family: Lato, sans-serif; vertical-align: baseline; color: #253d4e; background-color: #ffffff;\">We\'ve reviewed and ranked all of the best smartwatches on the market right now, and we\'ve made a definitive list of the top 10 devices you can buy today. One of the 10 picks below may just be your perfect next smartwatch.</p>\r\n<p style=\"box-sizing: border-box; margin: 0px 0px 1.2em; padding: 0px; border: 0px; font-variant-numeric: inherit; font-variant-east-asian: inherit; font-stretch: inherit; font-size: 17px; line-height: 24px; font-family: Lato, sans-serif; vertical-align: baseline; color: #253d4e; background-color: #ffffff;\">Those top-end wearables span from the Apple Watch to Fitbits, Garmin watches to Tizen-sporting Samsung watches. There\'s also Wear OS which is Google\'s own wearable operating system in the vein of Apple\'s watchOS - you&rsquo;ll see it show up in a lot of these devices.</p>\r\n<h5 class=\"mt-50\" style=\"box-sizing: border-box; line-height: 24px; font-size: 20px; padding: 0px; border: 0px; font-variant-numeric: inherit; font-variant-east-asian: inherit; font-stretch: inherit; font-family: Quicksand, sans-serif; vertical-align: baseline; color: #253d4e; background-color: #ffffff; margin: 50px !important 0px 24px 0px;\">Lorem ipsum dolor sit amet cons</h5>\r\n<p style=\"box-sizing: border-box; margin: 0px 0px 1.2em; padding: 0px; border: 0px; font-variant-numeric: inherit; font-variant-east-asian: inherit; font-stretch: inherit; font-size: 17px; line-height: 24px; font-family: Lato, sans-serif; vertical-align: baseline; color: #253d4e; background-color: #ffffff;\">Throughout our review process, we look at the design, features, battery life, spec, price and more for each smartwatch, rank it against the competition and enter it into the list you\'ll find below.</p>\r\n<p><img class=\"mb-30\" style=\"box-sizing: border-box; border: 0px; vertical-align: baseline; padding: 0px; font-variant-numeric: inherit; font-variant-east-asian: inherit; font-stretch: inherit; font-size: 17px; line-height: inherit; font-family: Lato, sans-serif; max-width: 100%; transition: all 0.3s ease 0s; color: #253d4e; background-color: #ffffff; margin: 0px 0px 30px !important 0px;\" src=\"file:///C:/Users/AmjadeT/Desktop/Excise_File/Frontend%20Theme/assets/imgs/blog/blog-21.png\" alt=\"\" /></p>\r\n<p style=\"box-sizing: border-box; margin: 0px 0px 1.2em; padding: 0px; border: 0px; font-variant-numeric: inherit; font-variant-east-asian: inherit; font-stretch: inherit; font-size: 17px; line-height: 24px; font-family: Lato, sans-serif; vertical-align: baseline; color: #253d4e; background-color: #ffffff;\">Tortor, lobortis semper viverra ac, molestie tortor laoreet amet euismod et diam quis aliquam consequat porttitor integer a nisl, in faucibus nunc et aenean turpis dui dignissim nec scelerisque ullamcorper eu neque, augue quam quis lacus pretium eros est amet turpis nunc in turpis massa et eget facilisis ante molestie penatibus dolor volutpat, porta pellentesque scelerisque at ornare dui tincidunt cras feugiat tempor lectus</p>\r\n<blockquote style=\"box-sizing: border-box; margin: 30px auto; padding: 40px 60px; border: 0px; font-variant-numeric: inherit; font-variant-east-asian: inherit; font-stretch: inherit; font-size: 24px; line-height: inherit; font-family: Lato, sans-serif; vertical-align: baseline; quotes: none; background-color: #f4f6fa; border-radius: 15px; max-width: 80%; color: #253d4e;\">\r\n<p style=\"box-sizing: border-box; margin: 0px; padding: 0px; border: 0px; font-style: inherit; font-variant: inherit; font-stretch: inherit; line-height: 32px; font-family: inherit; vertical-align: baseline; color: #7e7e7e;\">Integer eu faucibus&nbsp;<a style=\"box-sizing: border-box; background-color: transparent; color: #3bb77e; text-decoration-line: none; margin: 0px; padding: 0px; border: 0px; font: inherit; vertical-align: baseline; transition: all 0.3s ease 0s; cursor: pointer;\" href=\"file:///C:/Users/AmjadeT/Desktop/Excise_File/Frontend%20Theme/blog-post-right.html#\">dolor</a><span style=\"box-sizing: border-box; font: inherit; position: relative; vertical-align: baseline; top: -0.5em; margin: 0px; padding: 0px; border: 0px;\"><a style=\"box-sizing: border-box; background-color: transparent; color: #3bb77e; text-decoration-line: none; margin: 0px; padding: 0px; border: 0px; font: inherit; vertical-align: baseline; transition: all 0.3s ease 0s; cursor: pointer;\" href=\"file:///C:/Users/AmjadeT/Desktop/Excise_File/Frontend%20Theme/blog-post-right.html#\">[5]</a></span>. Ut venenatis tincidunt diam elementum imperdiet. Etiam accumsan semper nisl eu congue. Sed aliquam magna erat, ac eleifend lacus rhoncus in.</p>\r\n</blockquote>\r\n<p style=\"box-sizing: border-box; margin: 0px 0px 1.2em; padding: 0px; border: 0px; font-variant-numeric: inherit; font-variant-east-asian: inherit; font-stretch: inherit; font-size: 17px; line-height: 24px; font-family: Lato, sans-serif; vertical-align: baseline; color: #253d4e; background-color: #ffffff;\">Lorem ipsum dolor sit amet, consectetur adipiscing elit. Amet id enim, libero sit. Est donec lobortis cursus amet, cras elementum libero convallis feugiat. Nulla faucibus facilisi tincidunt a arcu, sem donec sed sed. Tincidunt morbi scelerisque lectus non. At leo mauris, vel augue. Facilisi diam consequat amet, commodo lorem nisl, odio malesuada cras. Tempus lectus sed libero viverra ut.</p>', '2022-08-29 13:52:12', NULL),
(3, 3, '1Easy Italian Chicken Dinner I Make Over and Over Again', '1easy-italian-chicken-dinner-i-make-over-and-over-again', 'upload/blog/1742527645651585.jpg', '11 orem ipsum dolor sit amet, consectetur adipiscing elit, sed do eiusmod tempor incididunt ut labore et dolore magna aliqua. Ut enim ad minim veniam, quis nostrud exercitation ullamco laboris nisi ut aliquip ex ea commodo consequat. Duis aute irure dolor in reprehenderit in voluptate velit esse cillum dolore eu fugiat nulla pariatur.', '<p>11 Lorem ipsum dolor sit amet, consectetur adipiscing elit, sed do eiusmod tempor incididunt ut labore et dolore magna aliqua. Ut enim ad minim veniam, quis nostrud exercitation ullamco laboris nisi ut aliquip ex ea commodo consequat. Duis aute irure dolor in reprehenderit in voluptate velit esse cillum dolore eu fugiat nulla pariatur.</p>', '2022-08-29 13:52:48', '2022-08-29 14:11:01'),
(4, 1, '1Easy Italian Chicken Dinner I Make Over and Over Again', '1easy-italian-chicken-dinner-i-make-over-and-over-again', 'upload/blog/1742527821092388.jpg', 'Lorem ipsum dolor sit amet, consectetur adipiscing elit, sed do eiusmod tempor incididunt ut labore et dolore magna aliqua. Ut enim ad minim veniam, quis nostrud exercitation ullamco laboris nisi ut aliquip ex ea commodo consequat. Duis aute irure dolor in reprehenderit in voluptate velit esse cillum dolore eu fugiat nulla pariatur.', '<p class=\"single-excerpt\" style=\"box-sizing: border-box; margin: 0px 0px 1.2em; padding: 0px; border: 0px; font-variant-numeric: inherit; font-variant-east-asian: inherit; font-stretch: inherit; font-size: 24px; line-height: 32px; font-family: Lato, sans-serif; vertical-align: baseline; color: #253d4e; background-color: #ffffff;\">Helping everyone live happier, healthier lives at home through their kitchen. Kitchn is a daily food magazine on the Web celebrating life in the kitchen through home cooking and kitchen intelligence.</p>\r\n<p style=\"box-sizing: border-box; margin: 0px 0px 1.2em; padding: 0px; border: 0px; font-variant-numeric: inherit; font-variant-east-asian: inherit; font-stretch: inherit; font-size: 17px; line-height: 24px; font-family: Lato, sans-serif; vertical-align: baseline; color: #253d4e; background-color: #ffffff;\">We\'ve reviewed and ranked all of the best smartwatches on the market right now, and we\'ve made a definitive list of the top 10 devices you can buy today. One of the 10 picks below may just be your perfect next smartwatch.</p>\r\n<p style=\"box-sizing: border-box; margin: 0px 0px 1.2em; padding: 0px; border: 0px; font-variant-numeric: inherit; font-variant-east-asian: inherit; font-stretch: inherit; font-size: 17px; line-height: 24px; font-family: Lato, sans-serif; vertical-align: baseline; color: #253d4e; background-color: #ffffff;\">Those top-end wearables span from the Apple Watch to Fitbits, Garmin watches to Tizen-sporting Samsung watches. There\'s also Wear OS which is Google\'s own wearable operating system in the vein of Apple\'s watchOS - you&rsquo;ll see it show up in a lot of these devices.</p>\r\n<h5 class=\"mt-50\" style=\"box-sizing: border-box; line-height: 24px; font-size: 20px; padding: 0px; border: 0px; font-variant-numeric: inherit; font-variant-east-asian: inherit; font-stretch: inherit; font-family: Quicksand, sans-serif; vertical-align: baseline; color: #253d4e; background-color: #ffffff; margin: 50px !important 0px 24px 0px;\">Lorem ipsum dolor sit amet cons</h5>\r\n<p style=\"box-sizing: border-box; margin: 0px 0px 1.2em; padding: 0px; border: 0px; font-variant-numeric: inherit; font-variant-east-asian: inherit; font-stretch: inherit; font-size: 17px; line-height: 24px; font-family: Lato, sans-serif; vertical-align: baseline; color: #253d4e; background-color: #ffffff;\">Throughout our review process, we look at the design, features, battery life, spec, price and more for each smartwatch, rank it against the competition and enter it into the list you\'ll find below.</p>\r\n<p><img class=\"mb-30\" style=\"box-sizing: border-box; border: 0px; vertical-align: baseline; padding: 0px; font-variant-numeric: inherit; font-variant-east-asian: inherit; font-stretch: inherit; font-size: 17px; line-height: inherit; font-family: Lato, sans-serif; max-width: 100%; transition: all 0.3s ease 0s; color: #253d4e; background-color: #ffffff; margin: 0px 0px 30px !important 0px;\" src=\"file:///C:/Users/AmjadeT/Desktop/Excise_File/Frontend%20Theme/assets/imgs/blog/blog-21.png\" alt=\"\" /></p>\r\n<p style=\"box-sizing: border-box; margin: 0px 0px 1.2em; padding: 0px; border: 0px; font-variant-numeric: inherit; font-variant-east-asian: inherit; font-stretch: inherit; font-size: 17px; line-height: 24px; font-family: Lato, sans-serif; vertical-align: baseline; color: #253d4e; background-color: #ffffff;\">Tortor, lobortis semper viverra ac, molestie tortor laoreet amet euismod et diam quis aliquam consequat porttitor integer a nisl, in faucibus nunc et aenean turpis dui dignissim nec scelerisque ullamcorper eu neque, augue quam quis lacus pretium eros est amet turpis nunc in turpis massa et eget facilisis ante molestie penatibus dolor volutpat, porta pellentesque scelerisque at ornare dui tincidunt cras feugiat tempor lectus</p>\r\n<blockquote style=\"box-sizing: border-box; margin: 30px auto; padding: 40px 60px; border: 0px; font-variant-numeric: inherit; font-variant-east-asian: inherit; font-stretch: inherit; font-size: 24px; line-height: inherit; font-family: Lato, sans-serif; vertical-align: baseline; quotes: none; background-color: #f4f6fa; border-radius: 15px; max-width: 80%; color: #253d4e;\">\r\n<p style=\"box-sizing: border-box; margin: 0px; padding: 0px; border: 0px; font-style: inherit; font-variant: inherit; font-stretch: inherit; line-height: 32px; font-family: inherit; vertical-align: baseline; color: #7e7e7e;\">Integer eu faucibus&nbsp;<a style=\"box-sizing: border-box; background-color: transparent; color: #3bb77e; text-decoration-line: none; margin: 0px; padding: 0px; border: 0px; font: inherit; vertical-align: baseline; transition: all 0.3s ease 0s; cursor: pointer;\" href=\"file:///C:/Users/AmjadeT/Desktop/Excise_File/Frontend%20Theme/blog-post-right.html#\">dolor</a><span style=\"box-sizing: border-box; font: inherit; position: relative; vertical-align: baseline; top: -0.5em; margin: 0px; padding: 0px; border: 0px;\"><a style=\"box-sizing: border-box; background-color: transparent; color: #3bb77e; text-decoration-line: none; margin: 0px; padding: 0px; border: 0px; font: inherit; vertical-align: baseline; transition: all 0.3s ease 0s; cursor: pointer;\" href=\"file:///C:/Users/AmjadeT/Desktop/Excise_File/Frontend%20Theme/blog-post-right.html#\">[5]</a></span>. Ut venenatis tincidunt diam elementum imperdiet. Etiam accumsan semper nisl eu congue. Sed aliquam magna erat, ac eleifend lacus rhoncus in.</p>\r\n</blockquote>\r\n<p style=\"box-sizing: border-box; margin: 0px 0px 1.2em; padding: 0px; border: 0px; font-variant-numeric: inherit; font-variant-east-asian: inherit; font-stretch: inherit; font-size: 17px; line-height: 24px; font-family: Lato, sans-serif; vertical-align: baseline; color: #253d4e; background-color: #ffffff;\">Lorem ipsum dolor sit amet, consectetur adipiscing elit. Amet id enim, libero sit. Est donec lobortis cursus amet, cras elementum libero convallis feugiat. Nulla faucibus facilisi tincidunt a arcu, sem donec sed sed. Tincidunt morbi scelerisque lectus non. At leo mauris, vel augue. Facilisi diam consequat amet, commodo lorem nisl, odio malesuada cras. Tempus lectus sed libero viverra ut.</p>', '2022-08-29 14:13:48', NULL);

-- --------------------------------------------------------

--
-- Table structure for table `brands`
--

CREATE TABLE IF NOT EXISTS `brands` (
  `id` bigint(20) UNSIGNED NOT NULL AUTO_INCREMENT,
  `brand_name` varchar(255) COLLATE utf8mb4_unicode_ci NOT NULL,
  `brand_slug` varchar(255) COLLATE utf8mb4_unicode_ci NOT NULL,
  `brand_image` varchar(255) COLLATE utf8mb4_unicode_ci NOT NULL,
  `created_at` timestamp NULL DEFAULT NULL,
  `updated_at` timestamp NULL DEFAULT NULL,
  PRIMARY KEY (`id`)
) ENGINE=InnoDB AUTO_INCREMENT=7 DEFAULT CHARSET=utf8mb4 COLLATE=utf8mb4_unicode_ci;

--
-- Dumping data for table `brands`
--

INSERT INTO `brands` (`id`, `brand_name`, `brand_slug`, `brand_image`, `created_at`, `updated_at`) VALUES
(2, 'Oppo', 'oppo', 'upload/brand/1739356212196819.png', NULL, NULL),
(3, 'Waltan', 'waltan', 'upload/brand/1739358672624143.png', NULL, '2022-07-25 14:41:33'),
(4, 'Bata', 'bata', 'upload/brand/1739356243015943.png', NULL, NULL);

-- --------------------------------------------------------

--
-- Table structure for table `categories`
--

CREATE TABLE IF NOT EXISTS `categories` (
  `id` bigint(20) UNSIGNED NOT NULL AUTO_INCREMENT,
  `category_name` varchar(255) COLLATE utf8mb4_unicode_ci NOT NULL,
  `category_slug` varchar(255) COLLATE utf8mb4_unicode_ci NOT NULL,
  `category_image` varchar(255) COLLATE utf8mb4_unicode_ci NOT NULL,
  `created_at` timestamp NULL DEFAULT NULL,
  `updated_at` timestamp NULL DEFAULT NULL,
  PRIMARY KEY (`id`)
) ENGINE=InnoDB AUTO_INCREMENT=13 DEFAULT CHARSET=utf8mb4 COLLATE=utf8mb4_unicode_ci;

--
-- Dumping data for table `categories`
--

INSERT INTO `categories` (`id`, `category_name`, `category_slug`, `category_image`, `created_at`, `updated_at`) VALUES
(1, 'Fashion', 'fashion', 'upload/category/1740388456845535.webp', NULL, '2022-08-05 23:29:31'),
(2, 'Electronics', 'electronics', 'upload/category/1740388410112488.webp', NULL, '2022-08-05 23:28:47'),
(3, 'Sweet Home', 'sweet-home', 'upload/category/1740388444682193.webp', NULL, '2022-08-05 23:29:20'),
(4, 'Appliances', 'appliances', 'upload/category/1740388475103826.webp', NULL, '2022-08-05 23:29:49'),
(5, 'Beauty', 'beauty', 'upload/category/1740388510925410.webp', NULL, '2022-08-05 23:30:23'),
(7, 'Meat & Fish', 'meat-&-fish', 'upload/category/1740388203907617.png', NULL, NULL),
(8, 'Furniture', 'furniture', 'upload/category/1740388599418960.webp', NULL, NULL),
(9, 'Mobiles', 'mobiles', 'upload/category/1740388616630915.webp', NULL, NULL),
(10, 'Grocery', 'grocery', 'upload/category/1740388649576724.webp', NULL, NULL),
(11, 'Travel', 'travel', 'upload/category/1740388803723655.webp', NULL, NULL);

-- --------------------------------------------------------

--
-- Table structure for table `compares`
--

CREATE TABLE IF NOT EXISTS `compares` (
  `id` bigint(20) UNSIGNED NOT NULL AUTO_INCREMENT,
  `user_id` bigint(20) UNSIGNED NOT NULL,
  `product_id` bigint(20) UNSIGNED NOT NULL,
  `created_at` timestamp NULL DEFAULT NULL,
  `updated_at` timestamp NULL DEFAULT NULL,
  PRIMARY KEY (`id`)
) ENGINE=InnoDB AUTO_INCREMENT=9 DEFAULT CHARSET=utf8mb4 COLLATE=utf8mb4_unicode_ci;

--
-- Dumping data for table `compares`
--

INSERT INTO `compares` (`id`, `user_id`, `product_id`, `created_at`, `updated_at`) VALUES
(2, 3, 6, '2022-08-15 14:11:32', NULL),
(5, 3, 26, '2022-08-15 15:04:29', NULL),
(7, 3, 12, '2022-08-15 15:07:40', NULL);

-- --------------------------------------------------------

--
-- Table structure for table `coupons`
--

CREATE TABLE IF NOT EXISTS `coupons` (
  `id` bigint(20) UNSIGNED NOT NULL AUTO_INCREMENT,
  `coupon_name` varchar(255) COLLATE utf8mb4_unicode_ci NOT NULL,
  `coupon_discount` int(11) NOT NULL,
  `coupon_validity` varchar(255) COLLATE utf8mb4_unicode_ci NOT NULL,
  `status` int(11) NOT NULL DEFAULT 1,
  `created_at` timestamp NULL DEFAULT NULL,
  `updated_at` timestamp NULL DEFAULT NULL,
  PRIMARY KEY (`id`)
) ENGINE=InnoDB AUTO_INCREMENT=4 DEFAULT CHARSET=utf8mb4 COLLATE=utf8mb4_unicode_ci;

--
-- Dumping data for table `coupons`
--

INSERT INTO `coupons` (`id`, `coupon_name`, `coupon_discount`, `coupon_validity`, `status`, `created_at`, `updated_at`) VALUES
(1, 'HAPPYLEARNING', 20, '2022-10-20', 1, '2022-08-17 14:22:02', NULL),
(2, 'EASYLEARING', 30, '2022-10-01', 1, '2022-08-17 14:23:32', NULL);

-- --------------------------------------------------------

--
-- Table structure for table `failed_jobs`
--

CREATE TABLE IF NOT EXISTS `failed_jobs` (
  `id` bigint(20) UNSIGNED NOT NULL AUTO_INCREMENT,
  `uuid` varchar(255) COLLATE utf8mb4_unicode_ci NOT NULL,
  `connection` text COLLATE utf8mb4_unicode_ci NOT NULL,
  `queue` text COLLATE utf8mb4_unicode_ci NOT NULL,
  `payload` longtext COLLATE utf8mb4_unicode_ci NOT NULL,
  `exception` longtext COLLATE utf8mb4_unicode_ci NOT NULL,
  `failed_at` timestamp NOT NULL DEFAULT current_timestamp(),
  PRIMARY KEY (`id`),
  UNIQUE KEY `failed_jobs_uuid_unique` (`uuid`)
) ENGINE=InnoDB DEFAULT CHARSET=utf8mb4 COLLATE=utf8mb4_unicode_ci;

-- --------------------------------------------------------

--
-- Table structure for table `migrations`
--

CREATE TABLE IF NOT EXISTS `migrations` (
  `id` int(10) UNSIGNED NOT NULL AUTO_INCREMENT,
  `migration` varchar(255) COLLATE utf8mb4_unicode_ci NOT NULL,
  `batch` int(11) NOT NULL,
  PRIMARY KEY (`id`)
) ENGINE=InnoDB AUTO_INCREMENT=27 DEFAULT CHARSET=utf8mb4 COLLATE=utf8mb4_unicode_ci;

--
-- Dumping data for table `migrations`
--

INSERT INTO `migrations` (`id`, `migration`, `batch`) VALUES
(1, '2014_10_12_000000_create_users_table', 1),
(2, '2014_10_12_100000_create_password_resets_table', 1),
(3, '2019_08_19_000000_create_failed_jobs_table', 1),
(4, '2019_12_14_000001_create_personal_access_tokens_table', 1),
(5, '2022_07_25_181430_create_brands_table', 2),
(6, '2022_07_26_180903_create_categories_table', 3),
(7, '2022_07_26_190712_create_sub_categories_table', 4),
(8, '2022_07_30_060745_create_products_table', 5),
(9, '2022_07_30_061846_create_multi_imgs_table', 5),
(10, '2022_08_03_071423_create_sliders_table', 6),
(11, '2022_08_03_080400_create_banners_table', 7),
(12, '2022_08_15_162603_create_wishlists_table', 8),
(13, '2022_08_15_195859_create_compares_table', 9),
(14, '2022_08_17_194741_create_coupons_table', 10),
(15, '2022_08_18_185425_create_ship_divisions_table', 11),
(16, '2022_08_18_185725_create_ship_districts_table', 11),
(17, '2022_08_18_185836_create_ship_states_table', 11),
(18, '2022_08_22_193242_create_orders_table', 12),
(19, '2022_08_22_194505_create_order_items_table', 12),
(20, '2022_08_29_183201_create_blog_categories_table', 13),
(21, '2022_08_29_183616_create_blog_posts_table', 14),
(22, '2022_08_30_082319_create_reviews_table', 15),
(23, '2022_09_04_061340_create_site_settings_table', 16),
(24, '2022_09_04_072122_create_seos_table', 17),
(25, '2022_09_05_075957_create_permission_tables', 18),
(26, '2022_09_06_194310_create_notifications_table', 19);

-- --------------------------------------------------------

--
-- Table structure for table `model_has_permissions`
--

CREATE TABLE IF NOT EXISTS `model_has_permissions` (
  `permission_id` bigint(20) UNSIGNED NOT NULL,
  `model_type` varchar(255) COLLATE utf8mb4_unicode_ci NOT NULL,
  `model_id` bigint(20) UNSIGNED NOT NULL,
  PRIMARY KEY (`permission_id`,`model_id`,`model_type`),
  KEY `model_has_permissions_model_id_model_type_index` (`model_id`,`model_type`)
) ENGINE=InnoDB DEFAULT CHARSET=utf8mb4 COLLATE=utf8mb4_unicode_ci;

-- --------------------------------------------------------

--
-- Table structure for table `model_has_roles`
--

CREATE TABLE IF NOT EXISTS `model_has_roles` (
  `role_id` bigint(20) UNSIGNED NOT NULL,
  `model_type` varchar(255) COLLATE utf8mb4_unicode_ci NOT NULL,
  `model_id` bigint(20) UNSIGNED NOT NULL,
  PRIMARY KEY (`role_id`,`model_id`,`model_type`),
  KEY `model_has_roles_model_id_model_type_index` (`model_id`,`model_type`)
) ENGINE=InnoDB DEFAULT CHARSET=utf8mb4 COLLATE=utf8mb4_unicode_ci;

--
-- Dumping data for table `model_has_roles`
--

INSERT INTO `model_has_roles` (`role_id`, `model_type`, `model_id`) VALUES
(1, 'App\\Models\\User', 1),
(2, 'App\\Models\\User', 20),
(3, 'App\\Models\\User', 17),
(4, 'App\\Models\\User', 19),
(4, 'App\\Models\\User', 21);

-- --------------------------------------------------------

--
-- Table structure for table `multi_imgs`
--

CREATE TABLE IF NOT EXISTS `multi_imgs` (
  `id` bigint(20) UNSIGNED NOT NULL AUTO_INCREMENT,
  `product_id` int(11) NOT NULL,
  `photo_name` varchar(255) COLLATE utf8mb4_unicode_ci NOT NULL,
  `created_at` timestamp NULL DEFAULT NULL,
  `updated_at` timestamp NULL DEFAULT NULL,
  PRIMARY KEY (`id`)
) ENGINE=InnoDB AUTO_INCREMENT=104 DEFAULT CHARSET=utf8mb4 COLLATE=utf8mb4_unicode_ci;

--
-- Dumping data for table `multi_imgs`
--

INSERT INTO `multi_imgs` (`id`, `product_id`, `photo_name`, `created_at`, `updated_at`) VALUES
(1, 1, 'upload/products/multi-image/1739819965858845.webp', '2022-07-30 16:53:36', NULL),
(2, 1, 'upload/products/multi-image/1739901469165307.webp', '2022-07-30 16:53:37', '2022-07-31 14:29:04'),
(3, 1, 'upload/products/multi-image/1739819966828492.webp', '2022-07-30 16:53:37', NULL),
(4, 1, 'upload/products/multi-image/1739819967421018.webp', '2022-07-30 16:53:38', NULL),
(5, 2, 'upload/products/multi-image/1739820205422128.webp', '2022-07-30 16:57:25', NULL),
(6, 2, 'upload/products/multi-image/1739820205873662.webp', '2022-07-30 16:57:26', NULL),
(7, 2, 'upload/products/multi-image/1739820206442272.webp', '2022-07-30 16:57:26', NULL),
(8, 2, 'upload/products/multi-image/1739820207127111.webp', '2022-07-30 16:57:27', NULL),
(16, 5, 'upload/products/multi-image/1740083183081352.webp', '2022-08-02 14:37:20', NULL),
(17, 5, 'upload/products/multi-image/1740083183457096.webp', '2022-08-02 14:37:20', NULL),
(18, 6, 'upload/products/multi-image/1740389527975545.webp', '2022-08-05 23:46:33', NULL),
(19, 6, 'upload/products/multi-image/1740389528534003.webp', '2022-08-05 23:46:34', NULL),
(20, 6, 'upload/products/multi-image/1740389528913299.webp', '2022-08-05 23:46:34', NULL),
(21, 6, 'upload/products/multi-image/1740389529241966.webp', '2022-08-05 23:46:34', NULL),
(22, 7, 'upload/products/multi-image/1740389669079849.webp', '2022-08-05 23:48:48', NULL),
(23, 7, 'upload/products/multi-image/1740389669479632.webp', '2022-08-05 23:48:48', NULL),
(24, 7, 'upload/products/multi-image/1740389669873039.webp', '2022-08-05 23:48:49', NULL),
(25, 8, 'upload/products/multi-image/1740389784185877.webp', '2022-08-05 23:50:38', NULL),
(26, 8, 'upload/products/multi-image/1740389784556990.webp', '2022-08-05 23:50:38', NULL),
(27, 8, 'upload/products/multi-image/1740389784896399.webp', '2022-08-05 23:50:38', NULL),
(28, 8, 'upload/products/multi-image/1740389785219031.webp', '2022-08-05 23:50:39', NULL),
(29, 9, 'upload/products/multi-image/1740389864857074.webp', '2022-08-05 23:51:54', NULL),
(30, 9, 'upload/products/multi-image/1740389865261011.webp', '2022-08-05 23:51:55', NULL),
(31, 9, 'upload/products/multi-image/1740389865616748.webp', '2022-08-05 23:51:55', NULL),
(32, 9, 'upload/products/multi-image/1740389866028310.webp', '2022-08-05 23:51:56', NULL),
(33, 9, 'upload/products/multi-image/1740389866520683.webp', '2022-08-05 23:51:56', NULL),
(34, 10, 'upload/products/multi-image/1740389985467500.webp', '2022-08-05 23:53:50', NULL),
(35, 10, 'upload/products/multi-image/1740389985872342.webp', '2022-08-05 23:53:50', NULL),
(36, 11, 'upload/products/multi-image/1740390059125696.webp', '2022-08-05 23:55:00', NULL),
(37, 11, 'upload/products/multi-image/1740390059491566.webp', '2022-08-05 23:55:00', NULL),
(38, 11, 'upload/products/multi-image/1740390059980189.webp', '2022-08-05 23:55:01', NULL),
(39, 12, 'upload/products/multi-image/1740390147573904.webp', '2022-08-05 23:56:24', NULL),
(40, 12, 'upload/products/multi-image/1740390147902722.webp', '2022-08-05 23:56:24', NULL),
(41, 12, 'upload/products/multi-image/1740390148291526.webp', '2022-08-05 23:56:25', NULL),
(42, 13, 'upload/products/multi-image/1740390277703967.webp', '2022-08-05 23:58:28', NULL),
(43, 13, 'upload/products/multi-image/1740390277970532.webp', '2022-08-05 23:58:28', NULL),
(44, 13, 'upload/products/multi-image/1740390278226165.webp', '2022-08-05 23:58:29', NULL),
(45, 14, 'upload/products/multi-image/1740390366098248.webp', '2022-08-05 23:59:53', NULL),
(46, 14, 'upload/products/multi-image/1740390366832712.webp', '2022-08-05 23:59:53', NULL),
(47, 14, 'upload/products/multi-image/1740390367429702.webp', '2022-08-05 23:59:54', NULL),
(48, 14, 'upload/products/multi-image/1740390367863384.webp', '2022-08-05 23:59:54', NULL),
(49, 15, 'upload/products/multi-image/1740390426774295.webp', '2022-08-06 00:00:50', NULL),
(50, 15, 'upload/products/multi-image/1740390427079878.webp', '2022-08-06 00:00:51', NULL),
(51, 15, 'upload/products/multi-image/1740390427450805.webp', '2022-08-06 00:00:51', NULL),
(52, 16, 'upload/products/multi-image/1740390521758381.jpeg', '2022-08-06 00:02:21', NULL),
(53, 16, 'upload/products/multi-image/1740390521958094.jpeg', '2022-08-06 00:02:21', NULL),
(54, 16, 'upload/products/multi-image/1740390522275533.jpeg', '2022-08-06 00:02:21', NULL),
(55, 17, 'upload/products/multi-image/1740390669663245.webp', '2022-08-06 00:04:42', NULL),
(56, 17, 'upload/products/multi-image/1740390669952593.webp', '2022-08-06 00:04:42', NULL),
(57, 17, 'upload/products/multi-image/1740390670341134.webp', '2022-08-06 00:04:43', NULL),
(58, 17, 'upload/products/multi-image/1740390670689758.webp', '2022-08-06 00:04:43', NULL),
(59, 18, 'upload/products/multi-image/1740390741541787.webp', '2022-08-06 00:05:51', NULL),
(60, 18, 'upload/products/multi-image/1740390741963536.webp', '2022-08-06 00:05:51', NULL),
(61, 18, 'upload/products/multi-image/1740390742329657.webp', '2022-08-06 00:05:51', NULL),
(62, 18, 'upload/products/multi-image/1740390742602312.webp', '2022-08-06 00:05:52', NULL),
(63, 18, 'upload/products/multi-image/1740390742972815.webp', '2022-08-06 00:05:52', NULL),
(64, 19, 'upload/products/multi-image/1740391010002187.webp', '2022-08-06 00:10:06', NULL),
(65, 19, 'upload/products/multi-image/1740391010305921.webp', '2022-08-06 00:10:07', NULL),
(66, 19, 'upload/products/multi-image/1740391010550731.webp', '2022-08-06 00:10:07', NULL),
(67, 20, 'upload/products/multi-image/1740391101119352.webp', '2022-08-06 00:11:33', NULL),
(68, 20, 'upload/products/multi-image/1740391101446946.webp', '2022-08-06 00:11:34', NULL),
(69, 20, 'upload/products/multi-image/1740391101817753.webp', '2022-08-06 00:11:34', NULL),
(70, 20, 'upload/products/multi-image/1740391102240449.webp', '2022-08-06 00:11:35', NULL),
(71, 21, 'upload/products/multi-image/1740391172053325.webp', '2022-08-06 00:12:41', NULL),
(72, 21, 'upload/products/multi-image/1740391172364960.webp', '2022-08-06 00:12:41', NULL),
(73, 21, 'upload/products/multi-image/1740391172737022.webp', '2022-08-06 00:12:42', NULL),
(74, 22, 'upload/products/multi-image/1740391379580853.webp', '2022-08-06 00:15:59', NULL),
(75, 22, 'upload/products/multi-image/1740391379842359.webp', '2022-08-06 00:15:59', NULL),
(76, 22, 'upload/products/multi-image/1740391380169786.webp', '2022-08-06 00:16:00', NULL),
(77, 22, 'upload/products/multi-image/1740391380462345.webp', '2022-08-06 00:16:00', NULL),
(78, 23, 'upload/products/multi-image/1740391448673032.webp', '2022-08-06 00:17:05', NULL),
(79, 23, 'upload/products/multi-image/1740391448951210.webp', '2022-08-06 00:17:05', NULL),
(80, 23, 'upload/products/multi-image/1740391449351336.webp', '2022-08-06 00:17:06', NULL),
(81, 23, 'upload/products/multi-image/1740391449677202.webp', '2022-08-06 00:17:06', NULL),
(82, 24, 'upload/products/multi-image/1740391724224142.webp', '2022-08-06 00:21:28', NULL),
(83, 24, 'upload/products/multi-image/1740391724545961.webp', '2022-08-06 00:21:28', NULL),
(84, 24, 'upload/products/multi-image/1740391724812437.webp', '2022-08-06 00:21:28', NULL),
(85, 24, 'upload/products/multi-image/1740391725117810.webp', '2022-08-06 00:21:28', NULL),
(86, 24, 'upload/products/multi-image/1740391725499747.webp', '2022-08-06 00:21:29', NULL),
(87, 25, 'upload/products/multi-image/1740391793716507.webp', '2022-08-06 00:22:34', NULL),
(88, 25, 'upload/products/multi-image/1740391794016146.webp', '2022-08-06 00:22:34', NULL),
(89, 25, 'upload/products/multi-image/1740391794354188.webp', '2022-08-06 00:22:35', NULL),
(90, 25, 'upload/products/multi-image/1740391794664764.webp', '2022-08-06 00:22:35', NULL),
(91, 25, 'upload/products/multi-image/1740391794936792.webp', '2022-08-06 00:22:35', NULL),
(92, 26, 'upload/products/multi-image/1740391863391167.webp', '2022-08-06 00:23:40', NULL),
(93, 26, 'upload/products/multi-image/1740391863713858.webp', '2022-08-06 00:23:41', NULL),
(94, 26, 'upload/products/multi-image/1740391864035224.webp', '2022-08-06 00:23:41', NULL),
(95, 26, 'upload/products/multi-image/1740391864317934.webp', '2022-08-06 00:23:41', NULL),
(96, 27, 'upload/products/multi-image/1740391924895300.webp', '2022-08-06 00:24:39', NULL),
(97, 27, 'upload/products/multi-image/1740391925189177.webp', '2022-08-06 00:24:39', NULL),
(98, 27, 'upload/products/multi-image/1740391925606342.webp', '2022-08-06 00:24:40', NULL),
(99, 27, 'upload/products/multi-image/1740391925970217.webp', '2022-08-06 00:24:40', NULL),
(100, 28, 'upload/products/multi-image/1740391998115644.webp', '2022-08-06 00:25:49', NULL),
(101, 28, 'upload/products/multi-image/1740391998392932.webp', '2022-08-06 00:25:49', NULL),
(102, 28, 'upload/products/multi-image/1740391998664042.webp', '2022-08-06 00:25:49', NULL),
(103, 28, 'upload/products/multi-image/1740391999015163.webp', '2022-08-06 00:25:50', NULL);

-- --------------------------------------------------------

--
-- Table structure for table `notifications`
--

CREATE TABLE IF NOT EXISTS `notifications` (
  `id` char(36) COLLATE utf8mb4_unicode_ci NOT NULL,
  `type` varchar(255) COLLATE utf8mb4_unicode_ci NOT NULL,
  `notifiable_type` varchar(255) COLLATE utf8mb4_unicode_ci NOT NULL,
  `notifiable_id` bigint(20) UNSIGNED NOT NULL,
  `data` text COLLATE utf8mb4_unicode_ci NOT NULL,
  `read_at` timestamp NULL DEFAULT NULL,
  `created_at` timestamp NULL DEFAULT NULL,
  `updated_at` timestamp NULL DEFAULT NULL,
  PRIMARY KEY (`id`),
  KEY `notifications_notifiable_type_notifiable_id_index` (`notifiable_type`,`notifiable_id`)
) ENGINE=InnoDB DEFAULT CHARSET=utf8mb4 COLLATE=utf8mb4_unicode_ci;

--
-- Dumping data for table `notifications`
--

INSERT INTO `notifications` (`id`, `type`, `notifiable_type`, `notifiable_id`, `data`, `read_at`, `created_at`, `updated_at`) VALUES
('12798c7c-4c36-4ccf-8549-eed5d389e1fc', 'App\\Notifications\\OrderComplete', 'App\\Models\\User', 20, '{\"message\":\"New Order Added in Shop\"}', NULL, '2022-09-06 14:04:04', '2022-09-06 14:04:04'),
('13ec0e54-7607-424e-873f-e54af9cd3909', 'App\\Notifications\\VendorRegNotification', 'App\\Models\\User', 19, '{\"message\":\"New Vendor Request\"}', NULL, '2022-09-06 14:42:39', '2022-09-06 14:42:39'),
('15bd559e-a9c6-496a-8a42-2441540ba3fd', 'App\\Notifications\\RegisterUserNotification', 'App\\Models\\User', 19, '{\"message\":\"New User Register In Shop\"}', NULL, '2022-09-06 14:50:49', '2022-09-06 14:50:49'),
('1e952e83-d622-466c-8985-2ebb62e62f84', 'App\\Notifications\\OrderComplete', 'App\\Models\\User', 19, '{\"message\":\"New Order Added in Shop\"}', NULL, '2022-09-06 14:23:20', '2022-09-06 14:23:20'),
('1ea2e5ac-f32f-415a-af53-a5b1dc1ba714', 'App\\Notifications\\RegisterUserNotification', 'App\\Models\\User', 21, '{\"message\":\"New User Register In Shop\"}', NULL, '2022-09-06 14:50:49', '2022-09-06 14:50:49'),
('20a3d1b1-8dd9-40ca-ba60-9c67d1f95749', 'App\\Notifications\\VendorRegNotification', 'App\\Models\\User', 17, '{\"message\":\"New Vendor Request\"}', NULL, '2022-09-06 14:42:39', '2022-09-06 14:42:39'),
('2243d55e-e278-45dc-8e44-c40ed2c2f870', 'App\\Notifications\\OrderComplete', 'App\\Models\\User', 1, '{\"message\":\"New Order Added in Shop\"}', NULL, '2022-09-06 14:04:04', '2022-09-06 14:04:04'),
('2cd654f7-b9db-4f50-b1ed-b09728c179cc', 'App\\Notifications\\VendorRegNotification', 'App\\Models\\User', 20, '{\"message\":\"New Vendor Request\"}', NULL, '2022-09-06 14:42:39', '2022-09-06 14:42:39'),
('2e204c18-8257-4c00-8fa5-177196ae8c9f', 'App\\Notifications\\VendorRegNotification', 'App\\Models\\User', 21, '{\"message\":\"New Vendor Request\"}', NULL, '2022-09-06 14:42:39', '2022-09-06 14:42:39'),
('34c43087-2714-478c-bbb8-a79647c8f8a2', 'App\\Notifications\\VendorApproveNotification', 'App\\Models\\User', 16, '{\"message\":\"Admin Approve Your Account\"}', NULL, '2022-09-06 15:08:47', '2022-09-06 15:08:47'),
('36c987e3-af92-4e5d-b6b7-2f0b4849ac85', 'App\\Notifications\\OrderComplete', 'App\\Models\\User', 17, '{\"message\":\"New Order Added in Shop\"}', NULL, '2022-09-06 14:04:04', '2022-09-06 14:04:04'),
('652fa5a0-c082-4b3c-a736-4248c0700629', 'App\\Notifications\\OrderComplete', 'App\\Models\\User', 20, '{\"message\":\"New Order Added in Shop\"}', NULL, '2022-09-06 14:23:20', '2022-09-06 14:23:20'),
('6f24a6e6-e2fa-41f8-b4bc-b13b6d99c058', 'App\\Notifications\\OrderComplete', 'App\\Models\\User', 1, '{\"message\":\"New Order Added in Shop\"}', NULL, '2022-09-06 14:23:20', '2022-09-06 14:23:20'),
('7552970b-1353-4af3-b5a6-0579463609b8', 'App\\Notifications\\OrderComplete', 'App\\Models\\User', 19, '{\"message\":\"New Order Added in Shop\"}', NULL, '2022-09-06 14:04:04', '2022-09-06 14:04:04'),
('77f0db6e-6b62-4eef-81be-c4f199a51a49', 'App\\Notifications\\VendorRegNotification', 'App\\Models\\User', 1, '{\"message\":\"New Vendor Request\"}', NULL, '2022-09-06 14:42:39', '2022-09-06 14:42:39'),
('849355e0-ceb7-4980-8adb-07b83aacd3d0', 'App\\Notifications\\VendorApproveNotification', 'App\\Models\\User', 2, '{\"message\":\"Admin Approve Your Account\"}', NULL, '2022-09-06 15:08:47', '2022-09-06 15:08:47'),
('8c92fe27-86e2-4b5f-89bb-fd291f5a259c', 'App\\Notifications\\VendorApproveNotification', 'App\\Models\\User', 15, '{\"message\":\"Admin Approve Your Account\"}', NULL, '2022-09-06 15:08:47', '2022-09-06 15:08:47'),
('8f2f71ed-257a-493a-bf42-dd5629ae6478', 'App\\Notifications\\OrderComplete', 'App\\Models\\User', 21, '{\"message\":\"New Order Added in Shop\"}', NULL, '2022-09-06 14:04:04', '2022-09-06 14:04:04'),
('98fbb952-ceb9-4afb-af33-9ad5b3e3d162', 'App\\Notifications\\OrderComplete', 'App\\Models\\User', 17, '{\"message\":\"New Order Added in Shop\"}', NULL, '2022-09-06 14:23:20', '2022-09-06 14:23:20'),
('aefd4348-20a7-4c41-bcc5-ff869f79b69e', 'App\\Notifications\\RegisterUserNotification', 'App\\Models\\User', 20, '{\"message\":\"New User Register In Shop\"}', NULL, '2022-09-06 14:50:49', '2022-09-06 14:50:49'),
('b6242ca0-c9c1-4413-955d-fc6411d39301', 'App\\Notifications\\VendorApproveNotification', 'App\\Models\\User', 14, '{\"message\":\"Admin Approve Your Account\"}', NULL, '2022-09-06 15:08:47', '2022-09-06 15:08:47'),
('c9009966-85be-449e-b9e1-4db853a73596', 'App\\Notifications\\RegisterUserNotification', 'App\\Models\\User', 1, '{\"message\":\"New User Register In Shop\"}', NULL, '2022-09-06 14:50:49', '2022-09-06 14:50:49'),
('cc77323a-54f1-4831-bf89-d368d7429225', 'App\\Notifications\\OrderComplete', 'App\\Models\\User', 21, '{\"message\":\"New Order Added in Shop\"}', NULL, '2022-09-06 14:23:20', '2022-09-06 14:23:20'),
('d047462c-64f3-42ed-8629-8b70b5d49ec8', 'App\\Notifications\\VendorApproveNotification', 'App\\Models\\User', 22, '{\"message\":\"Admin Approve Your Account\"}', NULL, '2022-09-06 15:08:47', '2022-09-06 15:08:47'),
('e4afbfc5-0ef0-42d8-a705-275008c077f3', 'App\\Notifications\\RegisterUserNotification', 'App\\Models\\User', 17, '{\"message\":\"New User Register In Shop\"}', NULL, '2022-09-06 14:50:49', '2022-09-06 14:50:49');

-- --------------------------------------------------------

--
-- Table structure for table `orders`
--

CREATE TABLE IF NOT EXISTS `orders` (
  `id` bigint(20) UNSIGNED NOT NULL AUTO_INCREMENT,
  `user_id` bigint(20) UNSIGNED NOT NULL,
  `division_id` bigint(20) UNSIGNED NOT NULL,
  `district_id` bigint(20) UNSIGNED NOT NULL,
  `state_id` bigint(20) UNSIGNED NOT NULL,
  `name` varchar(255) COLLATE utf8mb4_unicode_ci NOT NULL,
  `email` varchar(255) COLLATE utf8mb4_unicode_ci NOT NULL,
  `phone` varchar(255) COLLATE utf8mb4_unicode_ci NOT NULL,
  `adress` varchar(255) COLLATE utf8mb4_unicode_ci DEFAULT NULL,
  `post_code` varchar(255) COLLATE utf8mb4_unicode_ci DEFAULT NULL,
  `notes` text COLLATE utf8mb4_unicode_ci DEFAULT NULL,
  `payment_type` varchar(255) COLLATE utf8mb4_unicode_ci DEFAULT NULL,
  `payment_method` varchar(255) COLLATE utf8mb4_unicode_ci DEFAULT NULL,
  `transaction_id` varchar(255) COLLATE utf8mb4_unicode_ci DEFAULT NULL,
  `currency` varchar(255) COLLATE utf8mb4_unicode_ci NOT NULL,
  `amount` double(8,2) NOT NULL,
  `order_number` varchar(255) COLLATE utf8mb4_unicode_ci DEFAULT NULL,
  `invoice_no` varchar(255) COLLATE utf8mb4_unicode_ci NOT NULL,
  `order_date` varchar(255) COLLATE utf8mb4_unicode_ci NOT NULL,
  `order_month` varchar(255) COLLATE utf8mb4_unicode_ci NOT NULL,
  `order_year` varchar(255) COLLATE utf8mb4_unicode_ci NOT NULL,
  `confirmed_date` varchar(255) COLLATE utf8mb4_unicode_ci DEFAULT NULL,
  `processing_date` varchar(255) COLLATE utf8mb4_unicode_ci DEFAULT NULL,
  `picked_date` varchar(255) COLLATE utf8mb4_unicode_ci DEFAULT NULL,
  `shipped_date` varchar(255) COLLATE utf8mb4_unicode_ci DEFAULT NULL,
  `delivered_date` varchar(255) COLLATE utf8mb4_unicode_ci DEFAULT NULL,
  `cancel_date` varchar(255) COLLATE utf8mb4_unicode_ci DEFAULT NULL,
  `return_date` varchar(255) COLLATE utf8mb4_unicode_ci DEFAULT NULL,
  `return_reason` varchar(255) COLLATE utf8mb4_unicode_ci DEFAULT NULL,
  `return_order` varchar(255) COLLATE utf8mb4_unicode_ci DEFAULT '0',
  `status` varchar(255) COLLATE utf8mb4_unicode_ci NOT NULL,
  `created_at` timestamp NULL DEFAULT NULL,
  `updated_at` timestamp NULL DEFAULT NULL,
  PRIMARY KEY (`id`)
) ENGINE=InnoDB AUTO_INCREMENT=12 DEFAULT CHARSET=utf8mb4 COLLATE=utf8mb4_unicode_ci;

--
-- Dumping data for table `orders`
--

INSERT INTO `orders` (`id`, `user_id`, `division_id`, `district_id`, `state_id`, `name`, `email`, `phone`, `adress`, `post_code`, `notes`, `payment_type`, `payment_method`, `transaction_id`, `currency`, `amount`, `order_number`, `invoice_no`, `order_date`, `order_month`, `order_year`, `confirmed_date`, `processing_date`, `picked_date`, `shipped_date`, `delivered_date`, `cancel_date`, `return_date`, `return_reason`, `return_order`, `status`, `created_at`, `updated_at`) VALUES
(2, 3, 1, 2, 5, 'User', 'user@gmail.com', '4343434', 'usa', '3333', 'wqewqeqwe', 'card_1LZiVPALc6pn5BvMTPVKGHsP', 'Stripe', 'txn_3LZiVRALc6pn5BvM0nb9zZiE', 'usd', 1520.00, '6303fa063d797', 'EOS85742385', '22 August 2022', 'August', '2022', NULL, NULL, NULL, NULL, NULL, NULL, NULL, NULL, '0', 'pending', '2022-08-22 15:50:00', NULL),
(3, 3, 1, 2, 5, 'User', 'user@gmail.com', '4343434', 'usa', '3333', 'this is test', 'card_1LZiZ8ALc6pn5BvMuJcn7Yqj', 'Stripe', 'txn_3LZiZ9ALc6pn5BvM2NCUwqYb', 'usd', 960.00, '6303faec4a844', 'EOS32084004', '22 August 2022', 'August', '2022', NULL, NULL, NULL, NULL, NULL, NULL, '25 August 2022', 'Broken', '1', 'deliverd', '2022-08-22 15:53:49', '2022-08-25 15:37:58'),
(4, 3, 1, 1, 2, 'User', 'user@gmail.com', '4343434', 'usa', '3333', 'cash', 'Cash On Delivery', 'Cash On Delivery', NULL, 'Usd', 720.00, NULL, 'EOS28106487', '22 August 2022', 'August', '2022', NULL, NULL, NULL, NULL, NULL, NULL, '25 August 2022', 'Wrong Product', '2', 'deliverd', '2022-08-22 16:08:36', '2022-08-25 16:33:57'),
(5, 3, 1, 2, 5, 'User', 'user@gmail.com', '4343434', 'usa', '4444', 'sadfasdf', 'card_1LZslLALc6pn5BvMOd4Sq6SZ', 'Stripe', 'txn_3LZslOALc6pn5BvM3wgcZfWI', 'usd', 640.00, '6304940a9d4dc', 'EOS62923939', '23 August 2022', 'August', '2022', NULL, NULL, NULL, NULL, NULL, NULL, NULL, NULL, '0', 'confirm', '2022-08-23 02:47:12', NULL),
(6, 3, 1, 2, 5, 'User', 'user@gmail.com', '4343434', 'usa', '4444', 'dsadasdas', 'Cash On Delivery', 'Cash On Delivery', NULL, 'Usd', 500.00, NULL, 'EOS38157400', '23 August 2022', 'August', '2022', NULL, NULL, NULL, NULL, NULL, NULL, NULL, NULL, '0', 'deliverd', '2022-08-23 02:52:12', NULL),
(7, 3, 1, 2, 4, 'User', 'user@gmail.com', '4343434111', 'usa', '3333', 'test fdsa', 'Cash On Delivery', 'Cash On Delivery', NULL, 'Usd', 320.00, NULL, 'EOS82094998', '29 August 2022', 'August', '2022', NULL, NULL, NULL, NULL, NULL, NULL, '29 August 2022', 'Not Happy', '2', 'deliverd', '2022-08-29 02:11:33', '2022-08-29 02:48:29'),
(8, 3, 1, 2, 4, 'User', 'user@gmail.com', '4343434111', 'usa', '4444', 'fasasdf', 'Cash On Delivery', 'Cash On Delivery', NULL, 'Usd', 400.00, NULL, 'EOS56179409', '04 September 2022', 'September', '2022', NULL, NULL, NULL, NULL, NULL, NULL, NULL, NULL, '0', 'deliverd', '2022-09-04 02:47:01', '2022-09-04 13:24:36'),
(9, 3, 1, 2, 5, 'User', 'user@gmail.com', '4343434111', 'usa', '232323', 'adsfasdfadsf', 'Cash On Delivery', 'Cash On Delivery', NULL, 'Usd', 4800.00, NULL, 'EOS32039722', '04 September 2022', 'September', '2022', NULL, NULL, NULL, NULL, NULL, NULL, NULL, NULL, '0', 'deliverd', '2022-09-04 03:09:56', '2022-09-04 03:11:27'),
(10, 3, 1, 2, 5, 'User', 'user@gmail.com', '4343434111', 'usa', '343434', 'asdfasdfasd', 'Cash On Delivery', 'Cash On Delivery', NULL, 'Usd', 320.00, NULL, 'EOS95189836', '06 September 2022', 'September', '2022', NULL, NULL, NULL, NULL, NULL, NULL, NULL, NULL, '0', 'pending', '2022-09-06 14:03:58', NULL),
(11, 3, 1, 2, 4, 'User', 'user@gmail.com', '4343434111', 'usa', '4444', 'erewrew', 'Cash On Delivery', 'Cash On Delivery', NULL, 'Usd', 520.00, NULL, 'EOS66716188', '06 September 2022', 'September', '2022', NULL, NULL, NULL, NULL, NULL, NULL, NULL, NULL, '0', 'pending', '2022-09-06 14:23:15', NULL);

-- --------------------------------------------------------

--
-- Table structure for table `order_items`
--

CREATE TABLE IF NOT EXISTS `order_items` (
  `id` bigint(20) UNSIGNED NOT NULL AUTO_INCREMENT,
  `order_id` bigint(20) UNSIGNED NOT NULL,
  `product_id` bigint(20) UNSIGNED NOT NULL,
  `vendor_id` varchar(255) COLLATE utf8mb4_unicode_ci DEFAULT NULL,
  `color` varchar(255) COLLATE utf8mb4_unicode_ci DEFAULT NULL,
  `size` varchar(255) COLLATE utf8mb4_unicode_ci DEFAULT NULL,
  `qty` varchar(255) COLLATE utf8mb4_unicode_ci NOT NULL,
  `price` double(8,2) NOT NULL,
  `created_at` timestamp NULL DEFAULT NULL,
  `updated_at` timestamp NULL DEFAULT NULL,
  PRIMARY KEY (`id`),
  KEY `order_items_order_id_foreign` (`order_id`)
) ENGINE=InnoDB AUTO_INCREMENT=15 DEFAULT CHARSET=utf8mb4 COLLATE=utf8mb4_unicode_ci;

--
-- Dumping data for table `order_items`
--

INSERT INTO `order_items` (`id`, `order_id`, `product_id`, `vendor_id`, `color`, `size`, `qty`, `price`, `created_at`, `updated_at`) VALUES
(1, 2, 6, '16', 'Red', 'Small', '1', 400.00, '2022-08-22 15:50:00', NULL),
(2, 2, 10, NULL, 'Red', 'Small', '1', 500.00, '2022-08-22 15:50:00', NULL),
(3, 2, 13, '2', 'Red', 'Small', '1', 1000.00, '2022-08-22 15:50:00', NULL),
(4, 3, 9, '2', 'Blue', 'Small', '1', 400.00, '2022-08-22 15:53:49', NULL),
(5, 3, 6, '16', 'Red', 'Small', '2', 400.00, '2022-08-22 15:53:49', NULL),
(6, 4, 6, '16', 'Red', 'Small', '1', 400.00, '2022-08-22 16:08:36', NULL),
(7, 4, 10, NULL, 'Red', 'Small', '1', 500.00, '2022-08-22 16:08:36', NULL),
(8, 5, 9, '2', 'Red', 'Small', '2', 400.00, '2022-08-23 02:47:19', NULL),
(9, 6, 11, '16', 'Red', 'Small', '1', 500.00, '2022-08-23 02:52:16', NULL),
(10, 7, 9, '2', 'Red', 'Small', '1', 400.00, '2022-08-29 02:11:40', NULL),
(11, 8, 8, '16', 'Red', 'Small', '1', 500.00, '2022-09-04 02:47:06', NULL),
(12, 9, 27, NULL, NULL, NULL, '6', 1000.00, '2022-09-04 03:10:01', NULL),
(13, 10, 9, '2', 'Red', 'Small', '1', 400.00, '2022-09-06 14:04:04', NULL),
(14, 11, 12, '2', 'Red', 'Small', '1', 650.00, '2022-09-06 14:23:20', NULL);

-- --------------------------------------------------------

--
-- Table structure for table `password_resets`
--

CREATE TABLE IF NOT EXISTS `password_resets` (
  `email` varchar(255) COLLATE utf8mb4_unicode_ci NOT NULL,
  `token` varchar(255) COLLATE utf8mb4_unicode_ci NOT NULL,
  `created_at` timestamp NULL DEFAULT NULL,
  KEY `password_resets_email_index` (`email`)
) ENGINE=InnoDB DEFAULT CHARSET=utf8mb4 COLLATE=utf8mb4_unicode_ci;

-- --------------------------------------------------------

--
-- Table structure for table `permissions`
--

CREATE TABLE IF NOT EXISTS `permissions` (
  `id` bigint(20) UNSIGNED NOT NULL AUTO_INCREMENT,
  `name` varchar(255) COLLATE utf8mb4_unicode_ci NOT NULL,
  `guard_name` varchar(255) COLLATE utf8mb4_unicode_ci NOT NULL,
  `group_name` varchar(255) COLLATE utf8mb4_unicode_ci DEFAULT NULL,
  `created_at` timestamp NULL DEFAULT NULL,
  `updated_at` timestamp NULL DEFAULT NULL,
  PRIMARY KEY (`id`),
  UNIQUE KEY `permissions_name_guard_name_unique` (`name`,`guard_name`)
) ENGINE=InnoDB AUTO_INCREMENT=50 DEFAULT CHARSET=utf8mb4 COLLATE=utf8mb4_unicode_ci;

--
-- Dumping data for table `permissions`
--

INSERT INTO `permissions` (`id`, `name`, `guard_name`, `group_name`, `created_at`, `updated_at`) VALUES
(1, 'brand.menu', 'web', 'brand', '2022-09-05 02:54:11', '2022-09-05 02:54:11'),
(2, 'brand.list', 'web', 'brand', '2022-09-05 02:54:54', '2022-09-05 02:54:54'),
(3, 'brand.add', 'web', 'brand', '2022-09-05 02:55:07', '2022-09-05 02:55:07'),
(4, 'brand.edit', 'web', 'brand', '2022-09-05 02:55:19', '2022-09-05 02:55:19'),
(5, 'brand.delete', 'web', 'brand', '2022-09-05 02:55:35', '2022-09-05 02:55:35'),
(6, 'cat.menu', 'web', 'category', '2022-09-05 02:55:57', '2022-09-05 02:55:57'),
(8, 'category.list', 'web', 'category', '2022-09-05 03:39:20', '2022-09-05 03:39:20'),
(9, 'category.add', 'web', 'category', '2022-09-05 03:39:31', '2022-09-05 03:39:31'),
(10, 'category.edit', 'web', 'category', '2022-09-05 03:39:41', '2022-09-05 03:39:41'),
(11, 'category.delete', 'web', 'category', '2022-09-05 03:39:54', '2022-09-05 03:39:54'),
(12, 'subcategory.menu', 'web', 'subcategory', '2022-09-05 03:40:04', '2022-09-05 03:40:04'),
(13, 'subcategory.list', 'web', 'subcategory', '2022-09-05 03:40:19', '2022-09-05 03:40:19'),
(14, 'subcategory.add', 'web', 'subcategory', '2022-09-05 03:40:46', '2022-09-05 03:40:46'),
(15, 'subcategory.edit', 'web', 'subcategory', '2022-09-05 03:41:00', '2022-09-05 03:41:00'),
(16, 'subcategory.delete', 'web', 'subcategory', '2022-09-05 03:41:21', '2022-09-05 03:41:21'),
(17, 'product.menu', 'web', 'product', '2022-09-05 03:41:55', '2022-09-05 03:41:55'),
(18, 'product.list', 'web', 'product', '2022-09-05 03:42:08', '2022-09-05 03:42:08'),
(19, 'product.add', 'web', 'product', '2022-09-05 03:42:19', '2022-09-05 03:42:19'),
(20, 'product.edit', 'web', 'product', '2022-09-05 03:42:30', '2022-09-05 03:42:30'),
(21, 'product.delete', 'web', 'product', '2022-09-05 03:42:53', '2022-09-05 03:42:53'),
(22, 'slider.menu', 'web', 'slider', '2022-09-05 03:43:07', '2022-09-05 03:43:07'),
(23, 'slider.list', 'web', 'slider', '2022-09-05 03:43:22', '2022-09-05 03:43:22'),
(24, 'slider.add', 'web', 'slider', '2022-09-05 03:43:35', '2022-09-05 03:43:35'),
(25, 'slider.edit', 'web', 'slider', '2022-09-05 03:43:48', '2022-09-05 03:43:48'),
(26, 'slider.delete', 'web', 'slider', '2022-09-05 03:44:00', '2022-09-05 03:44:00'),
(27, 'ads.menu', 'web', 'ads', '2022-09-05 03:44:13', '2022-09-05 03:44:13'),
(28, 'ads.list', 'web', 'ads', '2022-09-05 03:44:30', '2022-09-05 03:44:30'),
(29, 'ads.add', 'web', 'ads', '2022-09-05 03:44:42', '2022-09-05 03:44:42'),
(30, 'ads.edit', 'web', 'ads', '2022-09-05 03:44:54', '2022-09-05 03:44:54'),
(31, 'ads.delete', 'web', 'ads', '2022-09-05 03:45:09', '2022-09-05 03:45:09'),
(32, 'coupon.menu', 'web', 'coupon', '2022-09-05 03:45:30', '2022-09-05 03:45:30'),
(33, 'coupon.list', 'web', 'coupon', '2022-09-05 03:45:44', '2022-09-05 03:45:44'),
(34, 'coupon.add', 'web', 'coupon', '2022-09-05 03:45:55', '2022-09-05 03:45:55'),
(35, 'coupon.edit', 'web', 'coupon', '2022-09-05 03:46:06', '2022-09-05 03:46:06'),
(36, 'coupon.delete', 'web', 'coupon', '2022-09-05 03:46:18', '2022-09-05 03:46:18'),
(37, 'area.menu', 'web', 'area', '2022-09-05 03:46:29', '2022-09-05 03:46:29'),
(38, 'vendor.menu', 'web', 'vendor', '2022-09-05 03:46:43', '2022-09-05 03:46:43'),
(39, 'order.menu', 'web', 'order', '2022-09-05 03:46:55', '2022-09-05 03:46:55'),
(40, 'order.list', 'web', 'order', '2022-09-05 03:47:09', '2022-09-05 03:47:09'),
(41, 'return.order.menu', 'web', 'return', '2022-09-05 03:47:20', '2022-09-05 03:47:20'),
(42, 'user.management.menu', 'web', 'user', '2022-09-05 03:47:33', '2022-09-05 03:47:33'),
(43, 'review.menu', 'web', 'review', '2022-09-05 03:47:45', '2022-09-05 03:47:45'),
(44, 'blog.menu', 'web', 'blog', '2022-09-05 03:47:58', '2022-09-05 03:47:58'),
(45, 'site.menu', 'web', 'setting', '2022-09-05 03:48:10', '2022-09-05 03:48:10'),
(46, 'role.permission.menu', 'web', 'role', '2022-09-05 03:48:21', '2022-09-05 03:48:21'),
(47, 'admin.user.menu', 'web', 'admin', '2022-09-05 03:48:32', '2022-09-05 03:48:32'),
(48, 'stock.menu', 'web', 'stock', '2022-09-05 03:48:43', '2022-09-05 03:48:43'),
(49, 'report.menu', 'web', 'report', '2022-09-05 14:06:45', '2022-09-05 14:06:45');

-- --------------------------------------------------------

--
-- Table structure for table `personal_access_tokens`
--

CREATE TABLE IF NOT EXISTS `personal_access_tokens` (
  `id` bigint(20) UNSIGNED NOT NULL AUTO_INCREMENT,
  `tokenable_type` varchar(255) COLLATE utf8mb4_unicode_ci NOT NULL,
  `tokenable_id` bigint(20) UNSIGNED NOT NULL,
  `name` varchar(255) COLLATE utf8mb4_unicode_ci NOT NULL,
  `token` varchar(64) COLLATE utf8mb4_unicode_ci NOT NULL,
  `abilities` text COLLATE utf8mb4_unicode_ci DEFAULT NULL,
  `last_used_at` timestamp NULL DEFAULT NULL,
  `created_at` timestamp NULL DEFAULT NULL,
  `updated_at` timestamp NULL DEFAULT NULL,
  PRIMARY KEY (`id`),
  UNIQUE KEY `personal_access_tokens_token_unique` (`token`),
  KEY `personal_access_tokens_tokenable_type_tokenable_id_index` (`tokenable_type`,`tokenable_id`)
) ENGINE=InnoDB DEFAULT CHARSET=utf8mb4 COLLATE=utf8mb4_unicode_ci;

-- --------------------------------------------------------

--
-- Table structure for table `products`
--

CREATE TABLE IF NOT EXISTS `products` (
  `id` bigint(20) UNSIGNED NOT NULL AUTO_INCREMENT,
  `brand_id` int(11) NOT NULL,
  `category_id` int(11) NOT NULL,
  `subcategory_id` int(11) NOT NULL,
  `product_name` varchar(255) COLLATE utf8mb4_unicode_ci NOT NULL,
  `product_slug` varchar(255) COLLATE utf8mb4_unicode_ci NOT NULL,
  `product_code` varchar(255) COLLATE utf8mb4_unicode_ci NOT NULL,
  `product_qty` varchar(255) COLLATE utf8mb4_unicode_ci NOT NULL,
  `product_tags` varchar(255) COLLATE utf8mb4_unicode_ci DEFAULT NULL,
  `product_size` varchar(255) COLLATE utf8mb4_unicode_ci DEFAULT NULL,
  `product_color` varchar(255) COLLATE utf8mb4_unicode_ci DEFAULT NULL,
  `selling_price` varchar(255) COLLATE utf8mb4_unicode_ci NOT NULL,
  `discount_price` varchar(255) COLLATE utf8mb4_unicode_ci DEFAULT NULL,
  `short_descp` text COLLATE utf8mb4_unicode_ci NOT NULL,
  `long_descp` text COLLATE utf8mb4_unicode_ci NOT NULL,
  `product_thambnail` varchar(255) COLLATE utf8mb4_unicode_ci NOT NULL,
  `vendor_id` varchar(255) COLLATE utf8mb4_unicode_ci DEFAULT NULL,
  `hot_deals` int(11) DEFAULT NULL,
  `featured` int(11) DEFAULT NULL,
  `special_offer` int(11) DEFAULT NULL,
  `special_deals` int(11) DEFAULT NULL,
  `status` int(11) NOT NULL DEFAULT 0,
  `created_at` timestamp NULL DEFAULT NULL,
  `updated_at` timestamp NULL DEFAULT NULL,
  PRIMARY KEY (`id`)
) ENGINE=InnoDB AUTO_INCREMENT=29 DEFAULT CHARSET=utf8mb4 COLLATE=utf8mb4_unicode_ci;

--
-- Dumping data for table `products`
--

INSERT INTO `products` (`id`, `brand_id`, `category_id`, `subcategory_id`, `product_name`, `product_slug`, `product_code`, `product_qty`, `product_tags`, `product_size`, `product_color`, `selling_price`, `discount_price`, `short_descp`, `long_descp`, `product_thambnail`, `vendor_id`, `hot_deals`, `featured`, `special_offer`, `special_deals`, `status`, `created_at`, `updated_at`) VALUES
(6, 2, 1, 6, 'Color Block Men Hooded Neck Red', 'color-block-men-hooded-neck-red', '234234', '200', 'new product,top product,Color Block', 'Small,Midium,Large', 'Red,Blue,Black', '500', '400', 'Lorem ipsum dolor, sit amet consectetur adipisicing elit. Aliquam rem officia, corrupti reiciendis minima nisi modi, quasi, odio minus dolore impedit fuga eum eligendi.', '<p style=\"box-sizing: border-box; margin: 0px 0px 5px; padding: 0px; border: 0px; font-variant-numeric: inherit; font-variant-east-asian: inherit; font-stretch: inherit; font-size: 1rem; line-height: 24px; font-family: Lato, sans-serif; vertical-align: baseline; color: #7e7e7e; background-color: #ffffff;\">Uninhibited carnally hired played in whimpered dear gorilla koala depending and much yikes off far quetzal goodness and from for grimaced goodness unaccountably and meadowlark near unblushingly crucial scallop tightly neurotic hungrily some and dear furiously this apart.</p>\n<p style=\"box-sizing: border-box; margin: 0px 0px 5px; padding: 0px; border: 0px; font-variant-numeric: inherit; font-variant-east-asian: inherit; font-stretch: inherit; font-size: 1rem; line-height: 24px; font-family: Lato, sans-serif; vertical-align: baseline; color: #7e7e7e; background-color: #ffffff;\">Spluttered narrowly yikes left moth in yikes bowed this that grizzly much hello on spoon-fed that alas rethought much decently richly and wow against the frequent fluidly at formidable acceptably flapped besides and much circa far over the bucolically hey precarious goldfinch mastodon goodness gnashed a jellyfish and one however because.</p>\n<ul class=\"product-more-infor mt-30\" style=\"box-sizing: border-box; padding: 0px 0px 0px 14px; border: 0px; font-variant-numeric: inherit; font-variant-east-asian: inherit; font-stretch: inherit; font-size: 14px; line-height: inherit; font-family: Lato, sans-serif; vertical-align: baseline; list-style: none; color: #7e7e7e; background-color: #ffffff; margin: 30px !important 0px 0px 0px;\">\n<li style=\"box-sizing: border-box; margin: 0px 0px 10px; padding: 0px; border: 0px; font: inherit; vertical-align: baseline; display: flex; position: relative;\"><span style=\"box-sizing: border-box; margin: 0px; padding: 0px; border: 0px; font: inherit; vertical-align: baseline; transition: all 0.3s ease 0s; -webkit-box-flex: 0; flex: 0 0 165px; display: inline-block;\">Type Of Packing</span>Bottle</li>\n<li style=\"box-sizing: border-box; margin: 0px 0px 10px; padding: 0px; border: 0px; font: inherit; vertical-align: baseline; display: flex; position: relative;\"><span style=\"box-sizing: border-box; margin: 0px; padding: 0px; border: 0px; font: inherit; vertical-align: baseline; transition: all 0.3s ease 0s; -webkit-box-flex: 0; flex: 0 0 165px; display: inline-block;\">Color</span>Green, Pink, Powder Blue, Purple</li>\n<li style=\"box-sizing: border-box; margin: 0px 0px 10px; padding: 0px; border: 0px; font: inherit; vertical-align: baseline; display: flex; position: relative;\"><span style=\"box-sizing: border-box; margin: 0px; padding: 0px; border: 0px; font: inherit; vertical-align: baseline; transition: all 0.3s ease 0s; -webkit-box-flex: 0; flex: 0 0 165px; display: inline-block;\">Quantity Per Case</span>100ml</li>\n<li style=\"box-sizing: border-box; margin: 0px 0px 10px; padding: 0px; border: 0px; font: inherit; vertical-align: baseline; display: flex; position: relative;\"><span style=\"box-sizing: border-box; margin: 0px; padding: 0px; border: 0px; font: inherit; vertical-align: baseline; transition: all 0.3s ease 0s; -webkit-box-flex: 0; flex: 0 0 165px; display: inline-block;\">Ethyl Alcohol</span>70%</li>\n<li style=\"box-sizing: border-box; margin: 0px; padding: 0px; border: 0px; font: inherit; vertical-align: baseline; display: flex; position: relative;\"><span style=\"box-sizing: border-box; margin: 0px; padding: 0px; border: 0px; font: inherit; vertical-align: baseline; transition: all 0.3s ease 0s; -webkit-box-flex: 0; flex: 0 0 165px; display: inline-block;\">Piece In One</span>Carton</li>\n</ul>\n<hr class=\"wp-block-separator is-style-dots\" style=\"box-sizing: content-box; height: 1px; overflow: visible; margin: 1rem 0px; color: #7e7e7e; border-top: 0px; border-right-style: initial; border-bottom-style: initial; border-left-style: initial; border-right-color: initial; border-bottom-color: initial; border-left-color: initial; border-image: initial; opacity: 0.25; font-family: Lato, sans-serif; font-size: 14px;\" />\n<p style=\"box-sizing: border-box; margin: 0px 0px 5px; padding: 0px; border: 0px; font-variant-numeric: inherit; font-variant-east-asian: inherit; font-stretch: inherit; font-size: 1rem; line-height: 24px; font-family: Lato, sans-serif; vertical-align: baseline; color: #7e7e7e; background-color: #ffffff;\">Laconic overheard dear woodchuck wow this outrageously taut beaver hey hello far meadowlark imitatively egregiously hugged that yikes minimally unanimous pouted flirtatiously as beaver beheld above forward energetic across this jeepers beneficently cockily less a the raucously that magic upheld far so the this where crud then below after jeez enchanting drunkenly more much wow callously irrespective limpet.</p>\n<h4 class=\"mt-30\" style=\"box-sizing: border-box; line-height: 1.2; font-size: 24px; padding: 0px; border: 0px; font-variant-numeric: inherit; font-variant-east-asian: inherit; font-stretch: inherit; font-family: Quicksand, sans-serif; vertical-align: baseline; transition: all 0.3s ease 0s; color: #253d4e; background-color: #ffffff; margin: 30px !important 0px 0px 0px;\">Packaging &amp; Delivery</h4>\n<hr class=\"wp-block-separator is-style-wide\" style=\"box-sizing: content-box; height: 1px; overflow: visible; margin: 1rem 0px; color: #7e7e7e; border-top: 0px; border-right-style: initial; border-bottom-style: initial; border-left-style: initial; border-right-color: initial; border-bottom-color: initial; border-left-color: initial; border-image: initial; opacity: 0.25; font-family: Lato, sans-serif; font-size: 14px;\" />\n<p style=\"box-sizing: border-box; margin: 0px 0px 5px; padding: 0px; border: 0px; font-variant-numeric: inherit; font-variant-east-asian: inherit; font-stretch: inherit; font-size: 1rem; line-height: 24px; font-family: Lato, sans-serif; vertical-align: baseline; color: #7e7e7e; background-color: #ffffff;\">Less lion goodness that euphemistically robin expeditiously bluebird smugly scratched far while thus cackled sheepishly rigid after due one assenting regarding censorious while occasional or this more crane went more as this less much amid overhung anathematic because much held one exuberantly sheep goodness so where rat wry well concomitantly.</p>\n<p style=\"box-sizing: border-box; margin: 0px 0px 5px; padding: 0px; border: 0px; font-variant-numeric: inherit; font-variant-east-asian: inherit; font-stretch: inherit; font-size: 1rem; line-height: 24px; font-family: Lato, sans-serif; vertical-align: baseline; color: #7e7e7e; background-color: #ffffff;\">Scallop or far crud plain remarkably far by thus far iguana lewd precociously and and less rattlesnake contrary caustic wow this near alas and next and pled the yikes articulate about as less cackled dalmatian in much less well jeering for the thanks blindly sentimental whimpered less across objectively fanciful grimaced wildly some wow and rose jeepers outgrew lugubrious luridly irrationally attractively dachshund.</p>\n<h4 class=\"mt-30\" style=\"box-sizing: border-box; line-height: 1.2; font-size: 24px; padding: 0px; border: 0px; font-variant-numeric: inherit; font-variant-east-asian: inherit; font-stretch: inherit; font-family: Quicksand, sans-serif; vertical-align: baseline; transition: all 0.3s ease 0s; color: #253d4e; background-color: #ffffff; margin: 30px !important 0px 0px 0px;\">Suggested Use</h4>\n<ul class=\"product-more-infor mt-30\" style=\"box-sizing: border-box; padding: 0px 0px 0px 14px; border: 0px; font-variant-numeric: inherit; font-variant-east-asian: inherit; font-stretch: inherit; font-size: 14px; line-height: inherit; font-family: Lato, sans-serif; vertical-align: baseline; list-style: none; color: #7e7e7e; background-color: #ffffff; margin: 30px !important 0px 0px 0px;\">\n<li style=\"box-sizing: border-box; margin: 0px 0px 10px; padding: 0px; border: 0px; font: inherit; vertical-align: baseline; display: flex; position: relative;\">Refrigeration not necessary.</li>\n<li style=\"box-sizing: border-box; margin: 0px; padding: 0px; border: 0px; font: inherit; vertical-align: baseline; display: flex; position: relative;\">Stir before serving</li>\n</ul>\n<h4 class=\"mt-30\" style=\"box-sizing: border-box; line-height: 1.2; font-size: 24px; padding: 0px; border: 0px; font-variant-numeric: inherit; font-variant-east-asian: inherit; font-stretch: inherit; font-family: Quicksand, sans-serif; vertical-align: baseline; transition: all 0.3s ease 0s; color: #253d4e; background-color: #ffffff; margin: 30px !important 0px 0px 0px;\">Other Ingredients</h4>\n<ul class=\"product-more-infor mt-30\" style=\"box-sizing: border-box; padding: 0px 0px 0px 14px; border: 0px; font-variant-numeric: inherit; font-variant-east-asian: inherit; font-stretch: inherit; font-size: 14px; line-height: inherit; font-family: Lato, sans-serif; vertical-align: baseline; list-style: none; color: #7e7e7e; background-color: #ffffff; margin: 30px !important 0px 0px 0px;\">\n<li style=\"box-sizing: border-box; margin: 0px 0px 10px; padding: 0px; border: 0px; font: inherit; vertical-align: baseline; display: flex; position: relative;\">Organic raw pecans, organic raw cashews.</li>\n<li style=\"box-sizing: border-box; margin: 0px 0px 10px; padding: 0px; border: 0px; font: inherit; vertical-align: baseline; display: flex; position: relative;\">This butter was produced using a LTG (Low Temperature Grinding) process</li>\n<li style=\"box-sizing: border-box; margin: 0px; padding: 0px; border: 0px; font: inherit; vertical-align: baseline; display: flex; position: relative;\">Made in machinery that processes tree nuts but does not process peanuts, gluten, dairy or soy</li>\n</ul>', 'upload/products/thambnail/1740389527616484.webp', '16', 1, 1, 1, 1, 1, '2022-08-05 23:46:33', NULL),
(7, 3, 1, 6, 'Men Regular Fit Solid Button Down', 'men-regular-fit-solid-button-down', '34343434', '0', 'new product,top product', 'Small,Midium,Large', 'Red,Blue', '400', '360', 'Lorem ipsum dolor, sit amet consectetur adipisicing elit. Aliquam rem officia, corrupti reiciendis minima nisi modi, quasi, odio minus dolore impedit fuga eum eligendi.', '<p style=\"box-sizing: border-box; margin: 0px 0px 5px; padding: 0px; border: 0px; font-variant-numeric: inherit; font-variant-east-asian: inherit; font-stretch: inherit; font-size: 1rem; line-height: 24px; font-family: Lato, sans-serif; vertical-align: baseline; color: #7e7e7e; background-color: #ffffff;\">Uninhibited carnally hired played in whimpered dear gorilla koala depending and much yikes off far quetzal goodness and from for grimaced goodness unaccountably and meadowlark near unblushingly crucial scallop tightly neurotic hungrily some and dear furiously this apart.</p>\r\n<p style=\"box-sizing: border-box; margin: 0px 0px 5px; padding: 0px; border: 0px; font-variant-numeric: inherit; font-variant-east-asian: inherit; font-stretch: inherit; font-size: 1rem; line-height: 24px; font-family: Lato, sans-serif; vertical-align: baseline; color: #7e7e7e; background-color: #ffffff;\">Spluttered narrowly yikes left moth in yikes bowed this that grizzly much hello on spoon-fed that alas rethought much decently richly and wow against the frequent fluidly at formidable acceptably flapped besides and much circa far over the bucolically hey precarious goldfinch mastodon goodness gnashed a jellyfish and one however because.</p>\r\n<ul class=\"product-more-infor mt-30\" style=\"box-sizing: border-box; padding: 0px 0px 0px 14px; border: 0px; font-variant-numeric: inherit; font-variant-east-asian: inherit; font-stretch: inherit; font-size: 14px; line-height: inherit; font-family: Lato, sans-serif; vertical-align: baseline; list-style: none; color: #7e7e7e; background-color: #ffffff; margin: 30px !important 0px 0px 0px;\">\r\n<li style=\"box-sizing: border-box; margin: 0px 0px 10px; padding: 0px; border: 0px; font: inherit; vertical-align: baseline; display: flex; position: relative;\"><span style=\"box-sizing: border-box; margin: 0px; padding: 0px; border: 0px; font: inherit; vertical-align: baseline; transition: all 0.3s ease 0s; -webkit-box-flex: 0; flex: 0 0 165px; display: inline-block;\">Type Of Packing</span>Bottle</li>\r\n<li style=\"box-sizing: border-box; margin: 0px 0px 10px; padding: 0px; border: 0px; font: inherit; vertical-align: baseline; display: flex; position: relative;\"><span style=\"box-sizing: border-box; margin: 0px; padding: 0px; border: 0px; font: inherit; vertical-align: baseline; transition: all 0.3s ease 0s; -webkit-box-flex: 0; flex: 0 0 165px; display: inline-block;\">Color</span>Green, Pink, Powder Blue, Purple</li>\r\n<li style=\"box-sizing: border-box; margin: 0px 0px 10px; padding: 0px; border: 0px; font: inherit; vertical-align: baseline; display: flex; position: relative;\"><span style=\"box-sizing: border-box; margin: 0px; padding: 0px; border: 0px; font: inherit; vertical-align: baseline; transition: all 0.3s ease 0s; -webkit-box-flex: 0; flex: 0 0 165px; display: inline-block;\">Quantity Per Case</span>100ml</li>\r\n<li style=\"box-sizing: border-box; margin: 0px 0px 10px; padding: 0px; border: 0px; font: inherit; vertical-align: baseline; display: flex; position: relative;\"><span style=\"box-sizing: border-box; margin: 0px; padding: 0px; border: 0px; font: inherit; vertical-align: baseline; transition: all 0.3s ease 0s; -webkit-box-flex: 0; flex: 0 0 165px; display: inline-block;\">Ethyl Alcohol</span>70%</li>\r\n<li style=\"box-sizing: border-box; margin: 0px; padding: 0px; border: 0px; font: inherit; vertical-align: baseline; display: flex; position: relative;\"><span style=\"box-sizing: border-box; margin: 0px; padding: 0px; border: 0px; font: inherit; vertical-align: baseline; transition: all 0.3s ease 0s; -webkit-box-flex: 0; flex: 0 0 165px; display: inline-block;\">Piece In One</span>Carton</li>\r\n</ul>\r\n<hr class=\"wp-block-separator is-style-dots\" style=\"box-sizing: content-box; height: 1px; overflow: visible; margin: 1rem 0px; color: #7e7e7e; border-top: 0px; border-right-style: initial; border-bottom-style: initial; border-left-style: initial; border-right-color: initial; border-bottom-color: initial; border-left-color: initial; border-image: initial; opacity: 0.25; font-family: Lato, sans-serif; font-size: 14px;\" />\r\n<p style=\"box-sizing: border-box; margin: 0px 0px 5px; padding: 0px; border: 0px; font-variant-numeric: inherit; font-variant-east-asian: inherit; font-stretch: inherit; font-size: 1rem; line-height: 24px; font-family: Lato, sans-serif; vertical-align: baseline; color: #7e7e7e; background-color: #ffffff;\">Laconic overheard dear woodchuck wow this outrageously taut beaver hey hello far meadowlark imitatively egregiously hugged that yikes minimally unanimous pouted flirtatiously as beaver beheld above forward energetic across this jeepers beneficently cockily less a the raucously that magic upheld far so the this where crud then below after jeez enchanting drunkenly more much wow callously irrespective limpet.</p>\r\n<h4 class=\"mt-30\" style=\"box-sizing: border-box; line-height: 1.2; font-size: 24px; padding: 0px; border: 0px; font-variant-numeric: inherit; font-variant-east-asian: inherit; font-stretch: inherit; font-family: Quicksand, sans-serif; vertical-align: baseline; transition: all 0.3s ease 0s; color: #253d4e; background-color: #ffffff; margin: 30px !important 0px 0px 0px;\">Packaging &amp; Delivery</h4>\r\n<hr class=\"wp-block-separator is-style-wide\" style=\"box-sizing: content-box; height: 1px; overflow: visible; margin: 1rem 0px; color: #7e7e7e; border-top: 0px; border-right-style: initial; border-bottom-style: initial; border-left-style: initial; border-right-color: initial; border-bottom-color: initial; border-left-color: initial; border-image: initial; opacity: 0.25; font-family: Lato, sans-serif; font-size: 14px;\" />\r\n<p style=\"box-sizing: border-box; margin: 0px 0px 5px; padding: 0px; border: 0px; font-variant-numeric: inherit; font-variant-east-asian: inherit; font-stretch: inherit; font-size: 1rem; line-height: 24px; font-family: Lato, sans-serif; vertical-align: baseline; color: #7e7e7e; background-color: #ffffff;\">Less lion goodness that euphemistically robin expeditiously bluebird smugly scratched far while thus cackled sheepishly rigid after due one assenting regarding censorious while occasional or this more crane went more as this less much amid overhung anathematic because much held one exuberantly sheep goodness so where rat wry well concomitantly.</p>\r\n<p style=\"box-sizing: border-box; margin: 0px 0px 5px; padding: 0px; border: 0px; font-variant-numeric: inherit; font-variant-east-asian: inherit; font-stretch: inherit; font-size: 1rem; line-height: 24px; font-family: Lato, sans-serif; vertical-align: baseline; color: #7e7e7e; background-color: #ffffff;\">Scallop or far crud plain remarkably far by thus far iguana lewd precociously and and less rattlesnake contrary caustic wow this near alas and next and pled the yikes articulate about as less cackled dalmatian in much less well jeering for the thanks blindly sentimental whimpered less across objectively fanciful grimaced wildly some wow and rose jeepers outgrew lugubrious luridly irrationally attractively dachshund.</p>\r\n<h4 class=\"mt-30\" style=\"box-sizing: border-box; line-height: 1.2; font-size: 24px; padding: 0px; border: 0px; font-variant-numeric: inherit; font-variant-east-asian: inherit; font-stretch: inherit; font-family: Quicksand, sans-serif; vertical-align: baseline; transition: all 0.3s ease 0s; color: #253d4e; background-color: #ffffff; margin: 30px !important 0px 0px 0px;\">Suggested Use</h4>\r\n<ul class=\"product-more-infor mt-30\" style=\"box-sizing: border-box; padding: 0px 0px 0px 14px; border: 0px; font-variant-numeric: inherit; font-variant-east-asian: inherit; font-stretch: inherit; font-size: 14px; line-height: inherit; font-family: Lato, sans-serif; vertical-align: baseline; list-style: none; color: #7e7e7e; background-color: #ffffff; margin: 30px !important 0px 0px 0px;\">\r\n<li style=\"box-sizing: border-box; margin: 0px 0px 10px; padding: 0px; border: 0px; font: inherit; vertical-align: baseline; display: flex; position: relative;\">Refrigeration not necessary.</li>\r\n<li style=\"box-sizing: border-box; margin: 0px; padding: 0px; border: 0px; font: inherit; vertical-align: baseline; display: flex; position: relative;\">Stir before serving</li>\r\n</ul>\r\n<h4 class=\"mt-30\" style=\"box-sizing: border-box; line-height: 1.2; font-size: 24px; padding: 0px; border: 0px; font-variant-numeric: inherit; font-variant-east-asian: inherit; font-stretch: inherit; font-family: Quicksand, sans-serif; vertical-align: baseline; transition: all 0.3s ease 0s; color: #253d4e; background-color: #ffffff; margin: 30px !important 0px 0px 0px;\">Other Ingredients</h4>\r\n<ul class=\"product-more-infor mt-30\" style=\"box-sizing: border-box; padding: 0px 0px 0px 14px; border: 0px; font-variant-numeric: inherit; font-variant-east-asian: inherit; font-stretch: inherit; font-size: 14px; line-height: inherit; font-family: Lato, sans-serif; vertical-align: baseline; list-style: none; color: #7e7e7e; background-color: #ffffff; margin: 30px !important 0px 0px 0px;\">\r\n<li style=\"box-sizing: border-box; margin: 0px 0px 10px; padding: 0px; border: 0px; font: inherit; vertical-align: baseline; display: flex; position: relative;\">Organic raw pecans, organic raw cashews.</li>\r\n<li style=\"box-sizing: border-box; margin: 0px 0px 10px; padding: 0px; border: 0px; font: inherit; vertical-align: baseline; display: flex; position: relative;\">This butter was produced using a LTG (Low Temperature Grinding) process</li>\r\n<li style=\"box-sizing: border-box; margin: 0px; padding: 0px; border: 0px; font: inherit; vertical-align: baseline; display: flex; position: relative;\">Made in machinery that processes tree nuts but does not process peanuts, gluten, dairy or soy</li>\r\n</ul>', 'upload/products/thambnail/1740389668728493.webp', NULL, 1, 1, 1, 1, 1, '2022-08-05 23:48:47', NULL),
(8, 4, 1, 6, 'Solid Men Mandarin Collar Black', 'solid-men-mandarin-collar-black', '34343434', '399', 'new product,top product', 'Small,Midium,Large', 'Red,Blue,Black', '500', NULL, 'Lorem ipsum dolor, sit amet consectetur adipisicing elit. Aliquam rem officia, corrupti reiciendis minima nisi modi, quasi, odio minus dolore impedit fuga eum eligendi.', '<p style=\"box-sizing: border-box; margin: 0px 0px 5px; padding: 0px; border: 0px; font-variant-numeric: inherit; font-variant-east-asian: inherit; font-stretch: inherit; font-size: 1rem; line-height: 24px; font-family: Lato, sans-serif; vertical-align: baseline; color: #7e7e7e; background-color: #ffffff;\">Uninhibited carnally hired played in whimpered dear gorilla koala depending and much yikes off far quetzal goodness and from for grimaced goodness unaccountably and meadowlark near unblushingly crucial scallop tightly neurotic hungrily some and dear furiously this apart.</p>\r\n<p style=\"box-sizing: border-box; margin: 0px 0px 5px; padding: 0px; border: 0px; font-variant-numeric: inherit; font-variant-east-asian: inherit; font-stretch: inherit; font-size: 1rem; line-height: 24px; font-family: Lato, sans-serif; vertical-align: baseline; color: #7e7e7e; background-color: #ffffff;\">Spluttered narrowly yikes left moth in yikes bowed this that grizzly much hello on spoon-fed that alas rethought much decently richly and wow against the frequent fluidly at formidable acceptably flapped besides and much circa far over the bucolically hey precarious goldfinch mastodon goodness gnashed a jellyfish and one however because.</p>\r\n<ul class=\"product-more-infor mt-30\" style=\"box-sizing: border-box; padding: 0px 0px 0px 14px; border: 0px; font-variant-numeric: inherit; font-variant-east-asian: inherit; font-stretch: inherit; font-size: 14px; line-height: inherit; font-family: Lato, sans-serif; vertical-align: baseline; list-style: none; color: #7e7e7e; background-color: #ffffff; margin: 30px !important 0px 0px 0px;\">\r\n<li style=\"box-sizing: border-box; margin: 0px 0px 10px; padding: 0px; border: 0px; font: inherit; vertical-align: baseline; display: flex; position: relative;\"><span style=\"box-sizing: border-box; margin: 0px; padding: 0px; border: 0px; font: inherit; vertical-align: baseline; transition: all 0.3s ease 0s; -webkit-box-flex: 0; flex: 0 0 165px; display: inline-block;\">Type Of Packing</span>Bottle</li>\r\n<li style=\"box-sizing: border-box; margin: 0px 0px 10px; padding: 0px; border: 0px; font: inherit; vertical-align: baseline; display: flex; position: relative;\"><span style=\"box-sizing: border-box; margin: 0px; padding: 0px; border: 0px; font: inherit; vertical-align: baseline; transition: all 0.3s ease 0s; -webkit-box-flex: 0; flex: 0 0 165px; display: inline-block;\">Color</span>Green, Pink, Powder Blue, Purple</li>\r\n<li style=\"box-sizing: border-box; margin: 0px 0px 10px; padding: 0px; border: 0px; font: inherit; vertical-align: baseline; display: flex; position: relative;\"><span style=\"box-sizing: border-box; margin: 0px; padding: 0px; border: 0px; font: inherit; vertical-align: baseline; transition: all 0.3s ease 0s; -webkit-box-flex: 0; flex: 0 0 165px; display: inline-block;\">Quantity Per Case</span>100ml</li>\r\n<li style=\"box-sizing: border-box; margin: 0px 0px 10px; padding: 0px; border: 0px; font: inherit; vertical-align: baseline; display: flex; position: relative;\"><span style=\"box-sizing: border-box; margin: 0px; padding: 0px; border: 0px; font: inherit; vertical-align: baseline; transition: all 0.3s ease 0s; -webkit-box-flex: 0; flex: 0 0 165px; display: inline-block;\">Ethyl Alcohol</span>70%</li>\r\n<li style=\"box-sizing: border-box; margin: 0px; padding: 0px; border: 0px; font: inherit; vertical-align: baseline; display: flex; position: relative;\"><span style=\"box-sizing: border-box; margin: 0px; padding: 0px; border: 0px; font: inherit; vertical-align: baseline; transition: all 0.3s ease 0s; -webkit-box-flex: 0; flex: 0 0 165px; display: inline-block;\">Piece In One</span>Carton</li>\r\n</ul>\r\n<hr class=\"wp-block-separator is-style-dots\" style=\"box-sizing: content-box; height: 1px; overflow: visible; margin: 1rem 0px; color: #7e7e7e; border-top: 0px; border-right-style: initial; border-bottom-style: initial; border-left-style: initial; border-right-color: initial; border-bottom-color: initial; border-left-color: initial; border-image: initial; opacity: 0.25; font-family: Lato, sans-serif; font-size: 14px;\" />\r\n<p style=\"box-sizing: border-box; margin: 0px 0px 5px; padding: 0px; border: 0px; font-variant-numeric: inherit; font-variant-east-asian: inherit; font-stretch: inherit; font-size: 1rem; line-height: 24px; font-family: Lato, sans-serif; vertical-align: baseline; color: #7e7e7e; background-color: #ffffff;\">Laconic overheard dear woodchuck wow this outrageously taut beaver hey hello far meadowlark imitatively egregiously hugged that yikes minimally unanimous pouted flirtatiously as beaver beheld above forward energetic across this jeepers beneficently cockily less a the raucously that magic upheld far so the this where crud then below after jeez enchanting drunkenly more much wow callously irrespective limpet.</p>\r\n<h4 class=\"mt-30\" style=\"box-sizing: border-box; line-height: 1.2; font-size: 24px; padding: 0px; border: 0px; font-variant-numeric: inherit; font-variant-east-asian: inherit; font-stretch: inherit; font-family: Quicksand, sans-serif; vertical-align: baseline; transition: all 0.3s ease 0s; color: #253d4e; background-color: #ffffff; margin: 30px !important 0px 0px 0px;\">Packaging &amp; Delivery</h4>\r\n<hr class=\"wp-block-separator is-style-wide\" style=\"box-sizing: content-box; height: 1px; overflow: visible; margin: 1rem 0px; color: #7e7e7e; border-top: 0px; border-right-style: initial; border-bottom-style: initial; border-left-style: initial; border-right-color: initial; border-bottom-color: initial; border-left-color: initial; border-image: initial; opacity: 0.25; font-family: Lato, sans-serif; font-size: 14px;\" />\r\n<p style=\"box-sizing: border-box; margin: 0px 0px 5px; padding: 0px; border: 0px; font-variant-numeric: inherit; font-variant-east-asian: inherit; font-stretch: inherit; font-size: 1rem; line-height: 24px; font-family: Lato, sans-serif; vertical-align: baseline; color: #7e7e7e; background-color: #ffffff;\">Less lion goodness that euphemistically robin expeditiously bluebird smugly scratched far while thus cackled sheepishly rigid after due one assenting regarding censorious while occasional or this more crane went more as this less much amid overhung anathematic because much held one exuberantly sheep goodness so where rat wry well concomitantly.</p>\r\n<p style=\"box-sizing: border-box; margin: 0px 0px 5px; padding: 0px; border: 0px; font-variant-numeric: inherit; font-variant-east-asian: inherit; font-stretch: inherit; font-size: 1rem; line-height: 24px; font-family: Lato, sans-serif; vertical-align: baseline; color: #7e7e7e; background-color: #ffffff;\">Scallop or far crud plain remarkably far by thus far iguana lewd precociously and and less rattlesnake contrary caustic wow this near alas and next and pled the yikes articulate about as less cackled dalmatian in much less well jeering for the thanks blindly sentimental whimpered less across objectively fanciful grimaced wildly some wow and rose jeepers outgrew lugubrious luridly irrationally attractively dachshund.</p>', 'upload/products/thambnail/1740389783829401.webp', '16', 1, 1, 1, 1, 1, '2022-08-05 23:50:37', '2022-09-04 13:24:36'),
(9, 2, 1, 6, 'Color Block Men Round Neck Pink T-Shirt', 'color-block-men-round-neck-pink-t-shirt', '3453451', '200', 'new product,top product', 'Small,Midium,Large', 'Red,Blue,Black', '590', '400', 'Lorem ipsum dolor, sit amet consectetur adipisicing elit. Aliquam rem officia, corrupti reiciendis minima nisi modi, quasi, odio minus dolore impedit fuga eum eligendi.', '<p style=\"box-sizing: border-box; margin: 0px 0px 5px; padding: 0px; border: 0px; font-variant-numeric: inherit; font-variant-east-asian: inherit; font-stretch: inherit; font-size: 1rem; line-height: 24px; font-family: Lato, sans-serif; vertical-align: baseline; color: #7e7e7e; background-color: #ffffff;\">Uninhibited carnally hired played in whimpered dear gorilla koala depending and much yikes off far quetzal goodness and from for grimaced goodness unaccountably and meadowlark near unblushingly crucial scallop tightly neurotic hungrily some and dear furiously this apart.</p>\r\n<p style=\"box-sizing: border-box; margin: 0px 0px 5px; padding: 0px; border: 0px; font-variant-numeric: inherit; font-variant-east-asian: inherit; font-stretch: inherit; font-size: 1rem; line-height: 24px; font-family: Lato, sans-serif; vertical-align: baseline; color: #7e7e7e; background-color: #ffffff;\">Spluttered narrowly yikes left moth in yikes bowed this that grizzly much hello on spoon-fed that alas rethought much decently richly and wow against the frequent fluidly at formidable acceptably flapped besides and much circa far over the bucolically hey precarious goldfinch mastodon goodness gnashed a jellyfish and one however because.</p>\r\n<ul class=\"product-more-infor mt-30\" style=\"box-sizing: border-box; padding: 0px 0px 0px 14px; border: 0px; font-variant-numeric: inherit; font-variant-east-asian: inherit; font-stretch: inherit; font-size: 14px; line-height: inherit; font-family: Lato, sans-serif; vertical-align: baseline; list-style: none; color: #7e7e7e; background-color: #ffffff; margin: 30px !important 0px 0px 0px;\">\r\n<li style=\"box-sizing: border-box; margin: 0px 0px 10px; padding: 0px; border: 0px; font: inherit; vertical-align: baseline; display: flex; position: relative;\"><span style=\"box-sizing: border-box; margin: 0px; padding: 0px; border: 0px; font: inherit; vertical-align: baseline; transition: all 0.3s ease 0s; -webkit-box-flex: 0; flex: 0 0 165px; display: inline-block;\">Type Of Packing</span>Bottle</li>\r\n<li style=\"box-sizing: border-box; margin: 0px 0px 10px; padding: 0px; border: 0px; font: inherit; vertical-align: baseline; display: flex; position: relative;\"><span style=\"box-sizing: border-box; margin: 0px; padding: 0px; border: 0px; font: inherit; vertical-align: baseline; transition: all 0.3s ease 0s; -webkit-box-flex: 0; flex: 0 0 165px; display: inline-block;\">Color</span>Green, Pink, Powder Blue, Purple</li>\r\n<li style=\"box-sizing: border-box; margin: 0px 0px 10px; padding: 0px; border: 0px; font: inherit; vertical-align: baseline; display: flex; position: relative;\"><span style=\"box-sizing: border-box; margin: 0px; padding: 0px; border: 0px; font: inherit; vertical-align: baseline; transition: all 0.3s ease 0s; -webkit-box-flex: 0; flex: 0 0 165px; display: inline-block;\">Quantity Per Case</span>100ml</li>\r\n<li style=\"box-sizing: border-box; margin: 0px 0px 10px; padding: 0px; border: 0px; font: inherit; vertical-align: baseline; display: flex; position: relative;\"><span style=\"box-sizing: border-box; margin: 0px; padding: 0px; border: 0px; font: inherit; vertical-align: baseline; transition: all 0.3s ease 0s; -webkit-box-flex: 0; flex: 0 0 165px; display: inline-block;\">Ethyl Alcohol</span>70%</li>\r\n<li style=\"box-sizing: border-box; margin: 0px; padding: 0px; border: 0px; font: inherit; vertical-align: baseline; display: flex; position: relative;\"><span style=\"box-sizing: border-box; margin: 0px; padding: 0px; border: 0px; font: inherit; vertical-align: baseline; transition: all 0.3s ease 0s; -webkit-box-flex: 0; flex: 0 0 165px; display: inline-block;\">Piece In One</span>Carton</li>\r\n</ul>\r\n<hr class=\"wp-block-separator is-style-dots\" style=\"box-sizing: content-box; height: 1px; overflow: visible; margin: 1rem 0px; color: #7e7e7e; border-top: 0px; border-right-style: initial; border-bottom-style: initial; border-left-style: initial; border-right-color: initial; border-bottom-color: initial; border-left-color: initial; border-image: initial; opacity: 0.25; font-family: Lato, sans-serif; font-size: 14px;\" />\r\n<p style=\"box-sizing: border-box; margin: 0px 0px 5px; padding: 0px; border: 0px; font-variant-numeric: inherit; font-variant-east-asian: inherit; font-stretch: inherit; font-size: 1rem; line-height: 24px; font-family: Lato, sans-serif; vertical-align: baseline; color: #7e7e7e; background-color: #ffffff;\">Laconic overheard dear woodchuck wow this outrageously taut beaver hey hello far meadowlark imitatively egregiously hugged that yikes minimally unanimous pouted flirtatiously as beaver beheld above forward energetic across this jeepers beneficently cockily less a the raucously that magic upheld far so the this where crud then below after jeez enchanting drunkenly more much wow callously irrespective limpet.</p>\r\n<h4 class=\"mt-30\" style=\"box-sizing: border-box; line-height: 1.2; font-size: 24px; padding: 0px; border: 0px; font-variant-numeric: inherit; font-variant-east-asian: inherit; font-stretch: inherit; font-family: Quicksand, sans-serif; vertical-align: baseline; transition: all 0.3s ease 0s; color: #253d4e; background-color: #ffffff; margin: 30px !important 0px 0px 0px;\">Packaging &amp; Delivery</h4>\r\n<hr class=\"wp-block-separator is-style-wide\" style=\"box-sizing: content-box; height: 1px; overflow: visible; margin: 1rem 0px; color: #7e7e7e; border-top: 0px; border-right-style: initial; border-bottom-style: initial; border-left-style: initial; border-right-color: initial; border-bottom-color: initial; border-left-color: initial; border-image: initial; opacity: 0.25; font-family: Lato, sans-serif; font-size: 14px;\" />\r\n<p style=\"box-sizing: border-box; margin: 0px 0px 5px; padding: 0px; border: 0px; font-variant-numeric: inherit; font-variant-east-asian: inherit; font-stretch: inherit; font-size: 1rem; line-height: 24px; font-family: Lato, sans-serif; vertical-align: baseline; color: #7e7e7e; background-color: #ffffff;\">Less lion goodness that euphemistically robin expeditiously bluebird smugly scratched far while thus cackled sheepishly rigid after due one assenting regarding censorious while occasional or this more crane went more as this less much amid overhung anathematic because much held one exuberantly sheep goodness so where rat wry well concomitantly.</p>\r\n<p style=\"box-sizing: border-box; margin: 0px 0px 5px; padding: 0px; border: 0px; font-variant-numeric: inherit; font-variant-east-asian: inherit; font-stretch: inherit; font-size: 1rem; line-height: 24px; font-family: Lato, sans-serif; vertical-align: baseline; color: #7e7e7e; background-color: #ffffff;\">Scallop or far crud plain remarkably far by thus far iguana lewd precociously and and less rattlesnake contrary caustic wow this near alas and next and pled the yikes articulate about as less cackled dalmatian in much less well jeering for the thanks blindly sentimental whimpered less across objectively fanciful grimaced wildly some wow and rose jeepers outgrew lugubrious luridly irrationally attractively dachshund.</p>', 'upload/products/thambnail/1740389864437655.webp', '2', 1, 1, 1, 1, 1, '2022-08-05 23:51:54', NULL),
(10, 4, 1, 6, 'Skinny Men Blue Jeans', 'skinny-men-blue-jeans', '234234', '200', 'new product,top product', 'Small,Midium,Large', 'Red,Blue,Black', '590', '500', 'Lorem ipsum dolor, sit amet consectetur adipisicing elit. Aliquam rem officia, corrupti reiciendis minima nisi modi, quasi, odio minus dolore impedit fuga eum eligendi.', '<p style=\"box-sizing: border-box; margin: 0px 0px 5px; padding: 0px; border: 0px; font-variant-numeric: inherit; font-variant-east-asian: inherit; font-stretch: inherit; font-size: 1rem; line-height: 24px; font-family: Lato, sans-serif; vertical-align: baseline; color: #7e7e7e; background-color: #ffffff;\">Uninhibited carnally hired played in whimpered dear gorilla koala depending and much yikes off far quetzal goodness and from for grimaced goodness unaccountably and meadowlark near unblushingly crucial scallop tightly neurotic hungrily some and dear furiously this apart.</p>\r\n<p style=\"box-sizing: border-box; margin: 0px 0px 5px; padding: 0px; border: 0px; font-variant-numeric: inherit; font-variant-east-asian: inherit; font-stretch: inherit; font-size: 1rem; line-height: 24px; font-family: Lato, sans-serif; vertical-align: baseline; color: #7e7e7e; background-color: #ffffff;\">Spluttered narrowly yikes left moth in yikes bowed this that grizzly much hello on spoon-fed that alas rethought much decently richly and wow against the frequent fluidly at formidable acceptably flapped besides and much circa far over the bucolically hey precarious goldfinch mastodon goodness gnashed a jellyfish and one however because.</p>\r\n<ul class=\"product-more-infor mt-30\" style=\"box-sizing: border-box; padding: 0px 0px 0px 14px; border: 0px; font-variant-numeric: inherit; font-variant-east-asian: inherit; font-stretch: inherit; font-size: 14px; line-height: inherit; font-family: Lato, sans-serif; vertical-align: baseline; list-style: none; color: #7e7e7e; background-color: #ffffff; margin: 30px !important 0px 0px 0px;\">\r\n<li style=\"box-sizing: border-box; margin: 0px 0px 10px; padding: 0px; border: 0px; font: inherit; vertical-align: baseline; display: flex; position: relative;\"><span style=\"box-sizing: border-box; margin: 0px; padding: 0px; border: 0px; font: inherit; vertical-align: baseline; transition: all 0.3s ease 0s; -webkit-box-flex: 0; flex: 0 0 165px; display: inline-block;\">Type Of Packing</span>Bottle</li>\r\n<li style=\"box-sizing: border-box; margin: 0px 0px 10px; padding: 0px; border: 0px; font: inherit; vertical-align: baseline; display: flex; position: relative;\"><span style=\"box-sizing: border-box; margin: 0px; padding: 0px; border: 0px; font: inherit; vertical-align: baseline; transition: all 0.3s ease 0s; -webkit-box-flex: 0; flex: 0 0 165px; display: inline-block;\">Color</span>Green, Pink, Powder Blue, Purple</li>\r\n<li style=\"box-sizing: border-box; margin: 0px 0px 10px; padding: 0px; border: 0px; font: inherit; vertical-align: baseline; display: flex; position: relative;\"><span style=\"box-sizing: border-box; margin: 0px; padding: 0px; border: 0px; font: inherit; vertical-align: baseline; transition: all 0.3s ease 0s; -webkit-box-flex: 0; flex: 0 0 165px; display: inline-block;\">Quantity Per Case</span>100ml</li>\r\n<li style=\"box-sizing: border-box; margin: 0px 0px 10px; padding: 0px; border: 0px; font: inherit; vertical-align: baseline; display: flex; position: relative;\"><span style=\"box-sizing: border-box; margin: 0px; padding: 0px; border: 0px; font: inherit; vertical-align: baseline; transition: all 0.3s ease 0s; -webkit-box-flex: 0; flex: 0 0 165px; display: inline-block;\">Ethyl Alcohol</span>70%</li>\r\n<li style=\"box-sizing: border-box; margin: 0px; padding: 0px; border: 0px; font: inherit; vertical-align: baseline; display: flex; position: relative;\"><span style=\"box-sizing: border-box; margin: 0px; padding: 0px; border: 0px; font: inherit; vertical-align: baseline; transition: all 0.3s ease 0s; -webkit-box-flex: 0; flex: 0 0 165px; display: inline-block;\">Piece In One</span>Carton</li>\r\n</ul>\r\n<hr class=\"wp-block-separator is-style-dots\" style=\"box-sizing: content-box; height: 1px; overflow: visible; margin: 1rem 0px; color: #7e7e7e; border-top: 0px; border-right-style: initial; border-bottom-style: initial; border-left-style: initial; border-right-color: initial; border-bottom-color: initial; border-left-color: initial; border-image: initial; opacity: 0.25; font-family: Lato, sans-serif; font-size: 14px;\" />\r\n<p style=\"box-sizing: border-box; margin: 0px 0px 5px; padding: 0px; border: 0px; font-variant-numeric: inherit; font-variant-east-asian: inherit; font-stretch: inherit; font-size: 1rem; line-height: 24px; font-family: Lato, sans-serif; vertical-align: baseline; color: #7e7e7e; background-color: #ffffff;\">Laconic overheard dear woodchuck wow this outrageously taut beaver hey hello far meadowlark imitatively egregiously hugged that yikes minimally unanimous pouted flirtatiously as beaver beheld above forward energetic across this jeepers beneficently cockily less a the raucously that magic upheld far so the this where crud then below after jeez enchanting drunkenly more much wow callously irrespective limpet.</p>\r\n<h4 class=\"mt-30\" style=\"box-sizing: border-box; line-height: 1.2; font-size: 24px; padding: 0px; border: 0px; font-variant-numeric: inherit; font-variant-east-asian: inherit; font-stretch: inherit; font-family: Quicksand, sans-serif; vertical-align: baseline; transition: all 0.3s ease 0s; color: #253d4e; background-color: #ffffff; margin: 30px !important 0px 0px 0px;\">Packaging &amp; Delivery</h4>\r\n<hr class=\"wp-block-separator is-style-wide\" style=\"box-sizing: content-box; height: 1px; overflow: visible; margin: 1rem 0px; color: #7e7e7e; border-top: 0px; border-right-style: initial; border-bottom-style: initial; border-left-style: initial; border-right-color: initial; border-bottom-color: initial; border-left-color: initial; border-image: initial; opacity: 0.25; font-family: Lato, sans-serif; font-size: 14px;\" />\r\n<p style=\"box-sizing: border-box; margin: 0px 0px 5px; padding: 0px; border: 0px; font-variant-numeric: inherit; font-variant-east-asian: inherit; font-stretch: inherit; font-size: 1rem; line-height: 24px; font-family: Lato, sans-serif; vertical-align: baseline; color: #7e7e7e; background-color: #ffffff;\">Less lion goodness that euphemistically robin expeditiously bluebird smugly scratched far while thus cackled sheepishly rigid after due one assenting regarding censorious while occasional or this more crane went more as this less much amid overhung anathematic because much held one exuberantly sheep goodness so where rat wry well concomitantly.</p>\r\n<p style=\"box-sizing: border-box; margin: 0px 0px 5px; padding: 0px; border: 0px; font-variant-numeric: inherit; font-variant-east-asian: inherit; font-stretch: inherit; font-size: 1rem; line-height: 24px; font-family: Lato, sans-serif; vertical-align: baseline; color: #7e7e7e; background-color: #ffffff;\">Scallop or far crud plain remarkably far by thus far iguana lewd precociously and and less rattlesnake contrary caustic wow this near alas and next and pled the yikes articulate about as less cackled dalmatian in much less well jeering for the thanks blindly sentimental whimpered less across objectively fanciful grimaced wildly some wow and rose jeepers outgrew lugubrious luridly irrationally attractively dachshund.</p>', 'upload/products/thambnail/1740389985066584.webp', NULL, 1, 1, 1, 1, 1, '2022-08-05 23:53:49', NULL);
INSERT INTO `products` (`id`, `brand_id`, `category_id`, `subcategory_id`, `product_name`, `product_slug`, `product_code`, `product_qty`, `product_tags`, `product_size`, `product_color`, `selling_price`, `discount_price`, `short_descp`, `long_descp`, `product_thambnail`, `vendor_id`, `hot_deals`, `featured`, `special_offer`, `special_deals`, `status`, `created_at`, `updated_at`) VALUES
(11, 2, 1, 2, 'Pack of 2 Solid Men Black, Blue Track', 'pack-of-2-solid-men-black,-blue-track', '343434', '200', 'new product,top product', 'Small,Midium,Large', 'Red,Blue,Black', '600', '500', 'Lorem ipsum dolor, sit amet consectetur adipisicing elit. Aliquam rem officia, corrupti reiciendis minima nisi modi, quasi, odio minus dolore impedit fuga eum eligendi.', '<p style=\"box-sizing: border-box; margin: 0px 0px 5px; padding: 0px; border: 0px; font-variant-numeric: inherit; font-variant-east-asian: inherit; font-stretch: inherit; font-size: 1rem; line-height: 24px; font-family: Lato, sans-serif; vertical-align: baseline; color: #7e7e7e; background-color: #ffffff;\">Uninhibited carnally hired played in whimpered dear gorilla koala depending and much yikes off far quetzal goodness and from for grimaced goodness unaccountably and meadowlark near unblushingly crucial scallop tightly neurotic hungrily some and dear furiously this apart.</p>\r\n<p style=\"box-sizing: border-box; margin: 0px 0px 5px; padding: 0px; border: 0px; font-variant-numeric: inherit; font-variant-east-asian: inherit; font-stretch: inherit; font-size: 1rem; line-height: 24px; font-family: Lato, sans-serif; vertical-align: baseline; color: #7e7e7e; background-color: #ffffff;\">Spluttered narrowly yikes left moth in yikes bowed this that grizzly much hello on spoon-fed that alas rethought much decently richly and wow against the frequent fluidly at formidable acceptably flapped besides and much circa far over the bucolically hey precarious goldfinch mastodon goodness gnashed a jellyfish and one however because.</p>\r\n<ul class=\"product-more-infor mt-30\" style=\"box-sizing: border-box; padding: 0px 0px 0px 14px; border: 0px; font-variant-numeric: inherit; font-variant-east-asian: inherit; font-stretch: inherit; font-size: 14px; line-height: inherit; font-family: Lato, sans-serif; vertical-align: baseline; list-style: none; color: #7e7e7e; background-color: #ffffff; margin: 30px !important 0px 0px 0px;\">\r\n<li style=\"box-sizing: border-box; margin: 0px 0px 10px; padding: 0px; border: 0px; font: inherit; vertical-align: baseline; display: flex; position: relative;\"><span style=\"box-sizing: border-box; margin: 0px; padding: 0px; border: 0px; font: inherit; vertical-align: baseline; transition: all 0.3s ease 0s; -webkit-box-flex: 0; flex: 0 0 165px; display: inline-block;\">Type Of Packing</span>Bottle</li>\r\n<li style=\"box-sizing: border-box; margin: 0px 0px 10px; padding: 0px; border: 0px; font: inherit; vertical-align: baseline; display: flex; position: relative;\"><span style=\"box-sizing: border-box; margin: 0px; padding: 0px; border: 0px; font: inherit; vertical-align: baseline; transition: all 0.3s ease 0s; -webkit-box-flex: 0; flex: 0 0 165px; display: inline-block;\">Color</span>Green, Pink, Powder Blue, Purple</li>\r\n<li style=\"box-sizing: border-box; margin: 0px 0px 10px; padding: 0px; border: 0px; font: inherit; vertical-align: baseline; display: flex; position: relative;\"><span style=\"box-sizing: border-box; margin: 0px; padding: 0px; border: 0px; font: inherit; vertical-align: baseline; transition: all 0.3s ease 0s; -webkit-box-flex: 0; flex: 0 0 165px; display: inline-block;\">Quantity Per Case</span>100ml</li>\r\n<li style=\"box-sizing: border-box; margin: 0px 0px 10px; padding: 0px; border: 0px; font: inherit; vertical-align: baseline; display: flex; position: relative;\"><span style=\"box-sizing: border-box; margin: 0px; padding: 0px; border: 0px; font: inherit; vertical-align: baseline; transition: all 0.3s ease 0s; -webkit-box-flex: 0; flex: 0 0 165px; display: inline-block;\">Ethyl Alcohol</span>70%</li>\r\n<li style=\"box-sizing: border-box; margin: 0px; padding: 0px; border: 0px; font: inherit; vertical-align: baseline; display: flex; position: relative;\"><span style=\"box-sizing: border-box; margin: 0px; padding: 0px; border: 0px; font: inherit; vertical-align: baseline; transition: all 0.3s ease 0s; -webkit-box-flex: 0; flex: 0 0 165px; display: inline-block;\">Piece In One</span>Carton</li>\r\n</ul>\r\n<hr class=\"wp-block-separator is-style-dots\" style=\"box-sizing: content-box; height: 1px; overflow: visible; margin: 1rem 0px; color: #7e7e7e; border-top: 0px; border-right-style: initial; border-bottom-style: initial; border-left-style: initial; border-right-color: initial; border-bottom-color: initial; border-left-color: initial; border-image: initial; opacity: 0.25; font-family: Lato, sans-serif; font-size: 14px;\" />\r\n<p style=\"box-sizing: border-box; margin: 0px 0px 5px; padding: 0px; border: 0px; font-variant-numeric: inherit; font-variant-east-asian: inherit; font-stretch: inherit; font-size: 1rem; line-height: 24px; font-family: Lato, sans-serif; vertical-align: baseline; color: #7e7e7e; background-color: #ffffff;\">Laconic overheard dear woodchuck wow this outrageously taut beaver hey hello far meadowlark imitatively egregiously hugged that yikes minimally unanimous pouted flirtatiously as beaver beheld above forward energetic across this jeepers beneficently cockily less a the raucously that magic upheld far so the this where crud then below after jeez enchanting drunkenly more much wow callously irrespective limpet.</p>\r\n<h4 class=\"mt-30\" style=\"box-sizing: border-box; line-height: 1.2; font-size: 24px; padding: 0px; border: 0px; font-variant-numeric: inherit; font-variant-east-asian: inherit; font-stretch: inherit; font-family: Quicksand, sans-serif; vertical-align: baseline; transition: all 0.3s ease 0s; color: #253d4e; background-color: #ffffff; margin: 30px !important 0px 0px 0px;\">Packaging &amp; Delivery</h4>\r\n<hr class=\"wp-block-separator is-style-wide\" style=\"box-sizing: content-box; height: 1px; overflow: visible; margin: 1rem 0px; color: #7e7e7e; border-top: 0px; border-right-style: initial; border-bottom-style: initial; border-left-style: initial; border-right-color: initial; border-bottom-color: initial; border-left-color: initial; border-image: initial; opacity: 0.25; font-family: Lato, sans-serif; font-size: 14px;\" />\r\n<p style=\"box-sizing: border-box; margin: 0px 0px 5px; padding: 0px; border: 0px; font-variant-numeric: inherit; font-variant-east-asian: inherit; font-stretch: inherit; font-size: 1rem; line-height: 24px; font-family: Lato, sans-serif; vertical-align: baseline; color: #7e7e7e; background-color: #ffffff;\">Less lion goodness that euphemistically robin expeditiously bluebird smugly scratched far while thus cackled sheepishly rigid after due one assenting regarding censorious while occasional or this more crane went more as this less much amid overhung anathematic because much held one exuberantly sheep goodness so where rat wry well concomitantly.</p>\r\n<p style=\"box-sizing: border-box; margin: 0px 0px 5px; padding: 0px; border: 0px; font-variant-numeric: inherit; font-variant-east-asian: inherit; font-stretch: inherit; font-size: 1rem; line-height: 24px; font-family: Lato, sans-serif; vertical-align: baseline; color: #7e7e7e; background-color: #ffffff;\">Scallop or far crud plain remarkably far by thus far iguana lewd precociously and and less rattlesnake contrary caustic wow this near alas and next and pled the yikes articulate about as less cackled dalmatian in much less well jeering for the thanks blindly sentimental whimpered less across objectively fanciful grimaced wildly some wow and rose jeepers outgrew lugubrious luridly irrationally attractively dachshund.</p>', 'upload/products/thambnail/1740390058801111.webp', '16', 1, 1, 1, 1, 1, '2022-08-05 23:54:59', NULL),
(12, 4, 1, 2, 'Regular Fit Men Beige Cotton Blend Trousers', 'regular-fit-men-beige-cotton-blend-trousers', '453453', '400', 'new product,top product', 'Small,Midium,Large', 'Red,Blue,Black', '700', '650', 'Lorem ipsum dolor, sit amet consectetur adipisicing elit. Aliquam rem officia, corrupti reiciendis minima nisi modi, quasi, odio minus dolore impedit fuga eum eligendi.', '<p style=\"box-sizing: border-box; margin: 0px 0px 5px; padding: 0px; border: 0px; font-variant-numeric: inherit; font-variant-east-asian: inherit; font-stretch: inherit; font-size: 1rem; line-height: 24px; font-family: Lato, sans-serif; vertical-align: baseline; color: #7e7e7e; background-color: #ffffff;\">Uninhibited carnally hired played in whimpered dear gorilla koala depending and much yikes off far quetzal goodness and from for grimaced goodness unaccountably and meadowlark near unblushingly crucial scallop tightly neurotic hungrily some and dear furiously this apart.</p>\r\n<p style=\"box-sizing: border-box; margin: 0px 0px 5px; padding: 0px; border: 0px; font-variant-numeric: inherit; font-variant-east-asian: inherit; font-stretch: inherit; font-size: 1rem; line-height: 24px; font-family: Lato, sans-serif; vertical-align: baseline; color: #7e7e7e; background-color: #ffffff;\">Spluttered narrowly yikes left moth in yikes bowed this that grizzly much hello on spoon-fed that alas rethought much decently richly and wow against the frequent fluidly at formidable acceptably flapped besides and much circa far over the bucolically hey precarious goldfinch mastodon goodness gnashed a jellyfish and one however because.</p>\r\n<ul class=\"product-more-infor mt-30\" style=\"box-sizing: border-box; padding: 0px 0px 0px 14px; border: 0px; font-variant-numeric: inherit; font-variant-east-asian: inherit; font-stretch: inherit; font-size: 14px; line-height: inherit; font-family: Lato, sans-serif; vertical-align: baseline; list-style: none; color: #7e7e7e; background-color: #ffffff; margin: 30px !important 0px 0px 0px;\">\r\n<li style=\"box-sizing: border-box; margin: 0px 0px 10px; padding: 0px; border: 0px; font: inherit; vertical-align: baseline; display: flex; position: relative;\"><span style=\"box-sizing: border-box; margin: 0px; padding: 0px; border: 0px; font: inherit; vertical-align: baseline; transition: all 0.3s ease 0s; -webkit-box-flex: 0; flex: 0 0 165px; display: inline-block;\">Type Of Packing</span>Bottle</li>\r\n<li style=\"box-sizing: border-box; margin: 0px 0px 10px; padding: 0px; border: 0px; font: inherit; vertical-align: baseline; display: flex; position: relative;\"><span style=\"box-sizing: border-box; margin: 0px; padding: 0px; border: 0px; font: inherit; vertical-align: baseline; transition: all 0.3s ease 0s; -webkit-box-flex: 0; flex: 0 0 165px; display: inline-block;\">Color</span>Green, Pink, Powder Blue, Purple</li>\r\n<li style=\"box-sizing: border-box; margin: 0px 0px 10px; padding: 0px; border: 0px; font: inherit; vertical-align: baseline; display: flex; position: relative;\"><span style=\"box-sizing: border-box; margin: 0px; padding: 0px; border: 0px; font: inherit; vertical-align: baseline; transition: all 0.3s ease 0s; -webkit-box-flex: 0; flex: 0 0 165px; display: inline-block;\">Quantity Per Case</span>100ml</li>\r\n<li style=\"box-sizing: border-box; margin: 0px 0px 10px; padding: 0px; border: 0px; font: inherit; vertical-align: baseline; display: flex; position: relative;\"><span style=\"box-sizing: border-box; margin: 0px; padding: 0px; border: 0px; font: inherit; vertical-align: baseline; transition: all 0.3s ease 0s; -webkit-box-flex: 0; flex: 0 0 165px; display: inline-block;\">Ethyl Alcohol</span>70%</li>\r\n<li style=\"box-sizing: border-box; margin: 0px; padding: 0px; border: 0px; font: inherit; vertical-align: baseline; display: flex; position: relative;\"><span style=\"box-sizing: border-box; margin: 0px; padding: 0px; border: 0px; font: inherit; vertical-align: baseline; transition: all 0.3s ease 0s; -webkit-box-flex: 0; flex: 0 0 165px; display: inline-block;\">Piece In One</span>Carton</li>\r\n</ul>\r\n<hr class=\"wp-block-separator is-style-dots\" style=\"box-sizing: content-box; height: 1px; overflow: visible; margin: 1rem 0px; color: #7e7e7e; border-top: 0px; border-right-style: initial; border-bottom-style: initial; border-left-style: initial; border-right-color: initial; border-bottom-color: initial; border-left-color: initial; border-image: initial; opacity: 0.25; font-family: Lato, sans-serif; font-size: 14px;\" />\r\n<p style=\"box-sizing: border-box; margin: 0px 0px 5px; padding: 0px; border: 0px; font-variant-numeric: inherit; font-variant-east-asian: inherit; font-stretch: inherit; font-size: 1rem; line-height: 24px; font-family: Lato, sans-serif; vertical-align: baseline; color: #7e7e7e; background-color: #ffffff;\">Laconic overheard dear woodchuck wow this outrageously taut beaver hey hello far meadowlark imitatively egregiously hugged that yikes minimally unanimous pouted flirtatiously as beaver beheld above forward energetic across this jeepers beneficently cockily less a the raucously that magic upheld far so the this where crud then below after jeez enchanting drunkenly more much wow callously irrespective limpet.</p>\r\n<h4 class=\"mt-30\" style=\"box-sizing: border-box; line-height: 1.2; font-size: 24px; padding: 0px; border: 0px; font-variant-numeric: inherit; font-variant-east-asian: inherit; font-stretch: inherit; font-family: Quicksand, sans-serif; vertical-align: baseline; transition: all 0.3s ease 0s; color: #253d4e; background-color: #ffffff; margin: 30px !important 0px 0px 0px;\">Packaging &amp; Delivery</h4>\r\n<hr class=\"wp-block-separator is-style-wide\" style=\"box-sizing: content-box; height: 1px; overflow: visible; margin: 1rem 0px; color: #7e7e7e; border-top: 0px; border-right-style: initial; border-bottom-style: initial; border-left-style: initial; border-right-color: initial; border-bottom-color: initial; border-left-color: initial; border-image: initial; opacity: 0.25; font-family: Lato, sans-serif; font-size: 14px;\" />\r\n<p style=\"box-sizing: border-box; margin: 0px 0px 5px; padding: 0px; border: 0px; font-variant-numeric: inherit; font-variant-east-asian: inherit; font-stretch: inherit; font-size: 1rem; line-height: 24px; font-family: Lato, sans-serif; vertical-align: baseline; color: #7e7e7e; background-color: #ffffff;\">Less lion goodness that euphemistically robin expeditiously bluebird smugly scratched far while thus cackled sheepishly rigid after due one assenting regarding censorious while occasional or this more crane went more as this less much amid overhung anathematic because much held one exuberantly sheep goodness so where rat wry well concomitantly.</p>\r\n<p style=\"box-sizing: border-box; margin: 0px 0px 5px; padding: 0px; border: 0px; font-variant-numeric: inherit; font-variant-east-asian: inherit; font-stretch: inherit; font-size: 1rem; line-height: 24px; font-family: Lato, sans-serif; vertical-align: baseline; color: #7e7e7e; background-color: #ffffff;\">Scallop or far crud plain remarkably far by thus far iguana lewd precociously and and less rattlesnake contrary caustic wow this near alas and next and pled the yikes articulate about as less cackled dalmatian in much less well jeering for the thanks blindly sentimental whimpered less across objectively fanciful grimaced wildly some wow and rose jeepers outgrew lugubrious luridly irrationally attractively dachshund.</p>', 'upload/products/thambnail/1740390147168644.webp', '2', 1, NULL, 1, 1, 1, '2022-08-05 23:56:24', NULL),
(13, 3, 2, 3, 'Canon PIXMA G1010 Single Function', 'canon-pixma-g1010-single-function', '434444', '400', 'new product,top product', 'Small,Midium,Large', 'Red,Blue,Black', '1200', '1000', 'Lorem ipsum dolor, sit amet consectetur adipisicing elit. Aliquam rem officia, corrupti reiciendis minima nisi modi, quasi, odio minus dolore impedit fuga eum eligendi.', '<p style=\"box-sizing: border-box; margin: 0px 0px 5px; padding: 0px; border: 0px; font-variant-numeric: inherit; font-variant-east-asian: inherit; font-stretch: inherit; font-size: 1rem; line-height: 24px; font-family: Lato, sans-serif; vertical-align: baseline; color: #7e7e7e; background-color: #ffffff;\">Uninhibited carnally hired played in whimpered dear gorilla koala depending and much yikes off far quetzal goodness and from for grimaced goodness unaccountably and meadowlark near unblushingly crucial scallop tightly neurotic hungrily some and dear furiously this apart.</p>\r\n<p style=\"box-sizing: border-box; margin: 0px 0px 5px; padding: 0px; border: 0px; font-variant-numeric: inherit; font-variant-east-asian: inherit; font-stretch: inherit; font-size: 1rem; line-height: 24px; font-family: Lato, sans-serif; vertical-align: baseline; color: #7e7e7e; background-color: #ffffff;\">Spluttered narrowly yikes left moth in yikes bowed this that grizzly much hello on spoon-fed that alas rethought much decently richly and wow against the frequent fluidly at formidable acceptably flapped besides and much circa far over the bucolically hey precarious goldfinch mastodon goodness gnashed a jellyfish and one however because.</p>\r\n<ul class=\"product-more-infor mt-30\" style=\"box-sizing: border-box; padding: 0px 0px 0px 14px; border: 0px; font-variant-numeric: inherit; font-variant-east-asian: inherit; font-stretch: inherit; font-size: 14px; line-height: inherit; font-family: Lato, sans-serif; vertical-align: baseline; list-style: none; color: #7e7e7e; background-color: #ffffff; margin: 30px !important 0px 0px 0px;\">\r\n<li style=\"box-sizing: border-box; margin: 0px 0px 10px; padding: 0px; border: 0px; font: inherit; vertical-align: baseline; display: flex; position: relative;\"><span style=\"box-sizing: border-box; margin: 0px; padding: 0px; border: 0px; font: inherit; vertical-align: baseline; transition: all 0.3s ease 0s; -webkit-box-flex: 0; flex: 0 0 165px; display: inline-block;\">Type Of Packing</span>Bottle</li>\r\n<li style=\"box-sizing: border-box; margin: 0px 0px 10px; padding: 0px; border: 0px; font: inherit; vertical-align: baseline; display: flex; position: relative;\"><span style=\"box-sizing: border-box; margin: 0px; padding: 0px; border: 0px; font: inherit; vertical-align: baseline; transition: all 0.3s ease 0s; -webkit-box-flex: 0; flex: 0 0 165px; display: inline-block;\">Color</span>Green, Pink, Powder Blue, Purple</li>\r\n<li style=\"box-sizing: border-box; margin: 0px 0px 10px; padding: 0px; border: 0px; font: inherit; vertical-align: baseline; display: flex; position: relative;\"><span style=\"box-sizing: border-box; margin: 0px; padding: 0px; border: 0px; font: inherit; vertical-align: baseline; transition: all 0.3s ease 0s; -webkit-box-flex: 0; flex: 0 0 165px; display: inline-block;\">Quantity Per Case</span>100ml</li>\r\n<li style=\"box-sizing: border-box; margin: 0px 0px 10px; padding: 0px; border: 0px; font: inherit; vertical-align: baseline; display: flex; position: relative;\"><span style=\"box-sizing: border-box; margin: 0px; padding: 0px; border: 0px; font: inherit; vertical-align: baseline; transition: all 0.3s ease 0s; -webkit-box-flex: 0; flex: 0 0 165px; display: inline-block;\">Ethyl Alcohol</span>70%</li>\r\n<li style=\"box-sizing: border-box; margin: 0px; padding: 0px; border: 0px; font: inherit; vertical-align: baseline; display: flex; position: relative;\"><span style=\"box-sizing: border-box; margin: 0px; padding: 0px; border: 0px; font: inherit; vertical-align: baseline; transition: all 0.3s ease 0s; -webkit-box-flex: 0; flex: 0 0 165px; display: inline-block;\">Piece In One</span>Carton</li>\r\n</ul>\r\n<hr class=\"wp-block-separator is-style-dots\" style=\"box-sizing: content-box; height: 1px; overflow: visible; margin: 1rem 0px; color: #7e7e7e; border-top: 0px; border-right-style: initial; border-bottom-style: initial; border-left-style: initial; border-right-color: initial; border-bottom-color: initial; border-left-color: initial; border-image: initial; opacity: 0.25; font-family: Lato, sans-serif; font-size: 14px;\" />\r\n<p style=\"box-sizing: border-box; margin: 0px 0px 5px; padding: 0px; border: 0px; font-variant-numeric: inherit; font-variant-east-asian: inherit; font-stretch: inherit; font-size: 1rem; line-height: 24px; font-family: Lato, sans-serif; vertical-align: baseline; color: #7e7e7e; background-color: #ffffff;\">Laconic overheard dear woodchuck wow this outrageously taut beaver hey hello far meadowlark imitatively egregiously hugged that yikes minimally unanimous pouted flirtatiously as beaver beheld above forward energetic across this jeepers beneficently cockily less a the raucously that magic upheld far so the this where crud then below after jeez enchanting drunkenly more much wow callously irrespective limpet.</p>\r\n<h4 class=\"mt-30\" style=\"box-sizing: border-box; line-height: 1.2; font-size: 24px; padding: 0px; border: 0px; font-variant-numeric: inherit; font-variant-east-asian: inherit; font-stretch: inherit; font-family: Quicksand, sans-serif; vertical-align: baseline; transition: all 0.3s ease 0s; color: #253d4e; background-color: #ffffff; margin: 30px !important 0px 0px 0px;\">Packaging &amp; Delivery</h4>\r\n<hr class=\"wp-block-separator is-style-wide\" style=\"box-sizing: content-box; height: 1px; overflow: visible; margin: 1rem 0px; color: #7e7e7e; border-top: 0px; border-right-style: initial; border-bottom-style: initial; border-left-style: initial; border-right-color: initial; border-bottom-color: initial; border-left-color: initial; border-image: initial; opacity: 0.25; font-family: Lato, sans-serif; font-size: 14px;\" />\r\n<p style=\"box-sizing: border-box; margin: 0px 0px 5px; padding: 0px; border: 0px; font-variant-numeric: inherit; font-variant-east-asian: inherit; font-stretch: inherit; font-size: 1rem; line-height: 24px; font-family: Lato, sans-serif; vertical-align: baseline; color: #7e7e7e; background-color: #ffffff;\">Less lion goodness that euphemistically robin expeditiously bluebird smugly scratched far while thus cackled sheepishly rigid after due one assenting regarding censorious while occasional or this more crane went more as this less much amid overhung anathematic because much held one exuberantly sheep goodness so where rat wry well concomitantly.</p>\r\n<p style=\"box-sizing: border-box; margin: 0px 0px 5px; padding: 0px; border: 0px; font-variant-numeric: inherit; font-variant-east-asian: inherit; font-stretch: inherit; font-size: 1rem; line-height: 24px; font-family: Lato, sans-serif; vertical-align: baseline; color: #7e7e7e; background-color: #ffffff;\">Scallop or far crud plain remarkably far by thus far iguana lewd precociously and and less rattlesnake contrary caustic wow this near alas and next and pled the yikes articulate about as less cackled dalmatian in much less well jeering for the thanks blindly sentimental whimpered less across objectively fanciful grimaced wildly some wow and rose jeepers outgrew lugubrious luridly irrationally attractively dachshund.</p>', 'upload/products/thambnail/1740390277372812.webp', '2', 1, 1, 1, 1, 1, '2022-08-05 23:58:28', NULL),
(14, 3, 2, 3, 'HP 315 Multi-function Color Printe', 'hp-315-multi-function-color-printe', '3453451', '400', 'new product,top product', 'Small,Midium,Large', 'Red,Blue,Black', '300', NULL, 'Lorem ipsum dolor, sit amet consectetur adipisicing elit. Aliquam rem officia, corrupti reiciendis minima nisi modi, quasi, odio minus dolore impedit fuga eum eligendi.', '<p style=\"box-sizing: border-box; margin: 0px 0px 5px; padding: 0px; border: 0px; font-variant-numeric: inherit; font-variant-east-asian: inherit; font-stretch: inherit; font-size: 1rem; line-height: 24px; font-family: Lato, sans-serif; vertical-align: baseline; color: #7e7e7e; background-color: #ffffff;\">Uninhibited carnally hired played in whimpered dear gorilla koala depending and much yikes off far quetzal goodness and from for grimaced goodness unaccountably and meadowlark near unblushingly crucial scallop tightly neurotic hungrily some and dear furiously this apart.</p>\r\n<p style=\"box-sizing: border-box; margin: 0px 0px 5px; padding: 0px; border: 0px; font-variant-numeric: inherit; font-variant-east-asian: inherit; font-stretch: inherit; font-size: 1rem; line-height: 24px; font-family: Lato, sans-serif; vertical-align: baseline; color: #7e7e7e; background-color: #ffffff;\">Spluttered narrowly yikes left moth in yikes bowed this that grizzly much hello on spoon-fed that alas rethought much decently richly and wow against the frequent fluidly at formidable acceptably flapped besides and much circa far over the bucolically hey precarious goldfinch mastodon goodness gnashed a jellyfish and one however because.</p>\r\n<ul class=\"product-more-infor mt-30\" style=\"box-sizing: border-box; padding: 0px 0px 0px 14px; border: 0px; font-variant-numeric: inherit; font-variant-east-asian: inherit; font-stretch: inherit; font-size: 14px; line-height: inherit; font-family: Lato, sans-serif; vertical-align: baseline; list-style: none; color: #7e7e7e; background-color: #ffffff; margin: 30px !important 0px 0px 0px;\">\r\n<li style=\"box-sizing: border-box; margin: 0px 0px 10px; padding: 0px; border: 0px; font: inherit; vertical-align: baseline; display: flex; position: relative;\"><span style=\"box-sizing: border-box; margin: 0px; padding: 0px; border: 0px; font: inherit; vertical-align: baseline; transition: all 0.3s ease 0s; -webkit-box-flex: 0; flex: 0 0 165px; display: inline-block;\">Type Of Packing</span>Bottle</li>\r\n<li style=\"box-sizing: border-box; margin: 0px 0px 10px; padding: 0px; border: 0px; font: inherit; vertical-align: baseline; display: flex; position: relative;\"><span style=\"box-sizing: border-box; margin: 0px; padding: 0px; border: 0px; font: inherit; vertical-align: baseline; transition: all 0.3s ease 0s; -webkit-box-flex: 0; flex: 0 0 165px; display: inline-block;\">Color</span>Green, Pink, Powder Blue, Purple</li>\r\n<li style=\"box-sizing: border-box; margin: 0px 0px 10px; padding: 0px; border: 0px; font: inherit; vertical-align: baseline; display: flex; position: relative;\"><span style=\"box-sizing: border-box; margin: 0px; padding: 0px; border: 0px; font: inherit; vertical-align: baseline; transition: all 0.3s ease 0s; -webkit-box-flex: 0; flex: 0 0 165px; display: inline-block;\">Quantity Per Case</span>100ml</li>\r\n<li style=\"box-sizing: border-box; margin: 0px 0px 10px; padding: 0px; border: 0px; font: inherit; vertical-align: baseline; display: flex; position: relative;\"><span style=\"box-sizing: border-box; margin: 0px; padding: 0px; border: 0px; font: inherit; vertical-align: baseline; transition: all 0.3s ease 0s; -webkit-box-flex: 0; flex: 0 0 165px; display: inline-block;\">Ethyl Alcohol</span>70%</li>\r\n<li style=\"box-sizing: border-box; margin: 0px; padding: 0px; border: 0px; font: inherit; vertical-align: baseline; display: flex; position: relative;\"><span style=\"box-sizing: border-box; margin: 0px; padding: 0px; border: 0px; font: inherit; vertical-align: baseline; transition: all 0.3s ease 0s; -webkit-box-flex: 0; flex: 0 0 165px; display: inline-block;\">Piece In One</span>Carton</li>\r\n</ul>\r\n<hr class=\"wp-block-separator is-style-dots\" style=\"box-sizing: content-box; height: 1px; overflow: visible; margin: 1rem 0px; color: #7e7e7e; border-top: 0px; border-right-style: initial; border-bottom-style: initial; border-left-style: initial; border-right-color: initial; border-bottom-color: initial; border-left-color: initial; border-image: initial; opacity: 0.25; font-family: Lato, sans-serif; font-size: 14px;\" />\r\n<p style=\"box-sizing: border-box; margin: 0px 0px 5px; padding: 0px; border: 0px; font-variant-numeric: inherit; font-variant-east-asian: inherit; font-stretch: inherit; font-size: 1rem; line-height: 24px; font-family: Lato, sans-serif; vertical-align: baseline; color: #7e7e7e; background-color: #ffffff;\">Laconic overheard dear woodchuck wow this outrageously taut beaver hey hello far meadowlark imitatively egregiously hugged that yikes minimally unanimous pouted flirtatiously as beaver beheld above forward energetic across this jeepers beneficently cockily less a the raucously that magic upheld far so the this where crud then below after jeez enchanting drunkenly more much wow callously irrespective limpet.</p>\r\n<h4 class=\"mt-30\" style=\"box-sizing: border-box; line-height: 1.2; font-size: 24px; padding: 0px; border: 0px; font-variant-numeric: inherit; font-variant-east-asian: inherit; font-stretch: inherit; font-family: Quicksand, sans-serif; vertical-align: baseline; transition: all 0.3s ease 0s; color: #253d4e; background-color: #ffffff; margin: 30px !important 0px 0px 0px;\">Packaging &amp; Delivery</h4>\r\n<hr class=\"wp-block-separator is-style-wide\" style=\"box-sizing: content-box; height: 1px; overflow: visible; margin: 1rem 0px; color: #7e7e7e; border-top: 0px; border-right-style: initial; border-bottom-style: initial; border-left-style: initial; border-right-color: initial; border-bottom-color: initial; border-left-color: initial; border-image: initial; opacity: 0.25; font-family: Lato, sans-serif; font-size: 14px;\" />\r\n<p style=\"box-sizing: border-box; margin: 0px 0px 5px; padding: 0px; border: 0px; font-variant-numeric: inherit; font-variant-east-asian: inherit; font-stretch: inherit; font-size: 1rem; line-height: 24px; font-family: Lato, sans-serif; vertical-align: baseline; color: #7e7e7e; background-color: #ffffff;\">Less lion goodness that euphemistically robin expeditiously bluebird smugly scratched far while thus cackled sheepishly rigid after due one assenting regarding censorious while occasional or this more crane went more as this less much amid overhung anathematic because much held one exuberantly sheep goodness so where rat wry well concomitantly.</p>\r\n<p style=\"box-sizing: border-box; margin: 0px 0px 5px; padding: 0px; border: 0px; font-variant-numeric: inherit; font-variant-east-asian: inherit; font-stretch: inherit; font-size: 1rem; line-height: 24px; font-family: Lato, sans-serif; vertical-align: baseline; color: #7e7e7e; background-color: #ffffff;\">Scallop or far crud plain remarkably far by thus far iguana lewd precociously and and less rattlesnake contrary caustic wow this near alas and next and pled the yikes articulate about as less cackled dalmatian in much less well jeering for the thanks blindly sentimental whimpered less across objectively fanciful grimaced wildly some wow and rose jeepers outgrew lugubrious luridly irrationally attractively dachshund.</p>', 'upload/products/thambnail/1740390365626068.webp', '14', 1, 1, NULL, NULL, 1, '2022-08-05 23:59:52', NULL),
(15, 3, 2, 3, 'brother DCP-T220 Multi-function', 'brother-dcp-t220-multi-function', '434444', '400', 'new product,top product', 'Small,Midium,Large', 'Red,Blue,Black', '590', '500', 'Lorem ipsum dolor, sit amet consectetur adipisicing elit. Aliquam rem officia, corrupti reiciendis minima nisi modi, quasi, odio minus dolore impedit fuga eum eligendi.', '<p style=\"box-sizing: border-box; margin: 0px 0px 5px; padding: 0px; border: 0px; font-variant-numeric: inherit; font-variant-east-asian: inherit; font-stretch: inherit; font-size: 1rem; line-height: 24px; font-family: Lato, sans-serif; vertical-align: baseline; color: #7e7e7e; background-color: #ffffff;\">Uninhibited carnally hired played in whimpered dear gorilla koala depending and much yikes off far quetzal goodness and from for grimaced goodness unaccountably and meadowlark near unblushingly crucial scallop tightly neurotic hungrily some and dear furiously this apart.</p>\r\n<p style=\"box-sizing: border-box; margin: 0px 0px 5px; padding: 0px; border: 0px; font-variant-numeric: inherit; font-variant-east-asian: inherit; font-stretch: inherit; font-size: 1rem; line-height: 24px; font-family: Lato, sans-serif; vertical-align: baseline; color: #7e7e7e; background-color: #ffffff;\">Spluttered narrowly yikes left moth in yikes bowed this that grizzly much hello on spoon-fed that alas rethought much decently richly and wow against the frequent fluidly at formidable acceptably flapped besides and much circa far over the bucolically hey precarious goldfinch mastodon goodness gnashed a jellyfish and one however because.</p>\r\n<ul class=\"product-more-infor mt-30\" style=\"box-sizing: border-box; padding: 0px 0px 0px 14px; border: 0px; font-variant-numeric: inherit; font-variant-east-asian: inherit; font-stretch: inherit; font-size: 14px; line-height: inherit; font-family: Lato, sans-serif; vertical-align: baseline; list-style: none; color: #7e7e7e; background-color: #ffffff; margin: 30px !important 0px 0px 0px;\">\r\n<li style=\"box-sizing: border-box; margin: 0px 0px 10px; padding: 0px; border: 0px; font: inherit; vertical-align: baseline; display: flex; position: relative;\"><span style=\"box-sizing: border-box; margin: 0px; padding: 0px; border: 0px; font: inherit; vertical-align: baseline; transition: all 0.3s ease 0s; -webkit-box-flex: 0; flex: 0 0 165px; display: inline-block;\">Type Of Packing</span>Bottle</li>\r\n<li style=\"box-sizing: border-box; margin: 0px 0px 10px; padding: 0px; border: 0px; font: inherit; vertical-align: baseline; display: flex; position: relative;\"><span style=\"box-sizing: border-box; margin: 0px; padding: 0px; border: 0px; font: inherit; vertical-align: baseline; transition: all 0.3s ease 0s; -webkit-box-flex: 0; flex: 0 0 165px; display: inline-block;\">Color</span>Green, Pink, Powder Blue, Purple</li>\r\n<li style=\"box-sizing: border-box; margin: 0px 0px 10px; padding: 0px; border: 0px; font: inherit; vertical-align: baseline; display: flex; position: relative;\"><span style=\"box-sizing: border-box; margin: 0px; padding: 0px; border: 0px; font: inherit; vertical-align: baseline; transition: all 0.3s ease 0s; -webkit-box-flex: 0; flex: 0 0 165px; display: inline-block;\">Quantity Per Case</span>100ml</li>\r\n<li style=\"box-sizing: border-box; margin: 0px 0px 10px; padding: 0px; border: 0px; font: inherit; vertical-align: baseline; display: flex; position: relative;\"><span style=\"box-sizing: border-box; margin: 0px; padding: 0px; border: 0px; font: inherit; vertical-align: baseline; transition: all 0.3s ease 0s; -webkit-box-flex: 0; flex: 0 0 165px; display: inline-block;\">Ethyl Alcohol</span>70%</li>\r\n<li style=\"box-sizing: border-box; margin: 0px; padding: 0px; border: 0px; font: inherit; vertical-align: baseline; display: flex; position: relative;\"><span style=\"box-sizing: border-box; margin: 0px; padding: 0px; border: 0px; font: inherit; vertical-align: baseline; transition: all 0.3s ease 0s; -webkit-box-flex: 0; flex: 0 0 165px; display: inline-block;\">Piece In One</span>Carton</li>\r\n</ul>\r\n<hr class=\"wp-block-separator is-style-dots\" style=\"box-sizing: content-box; height: 1px; overflow: visible; margin: 1rem 0px; color: #7e7e7e; border-top: 0px; border-right-style: initial; border-bottom-style: initial; border-left-style: initial; border-right-color: initial; border-bottom-color: initial; border-left-color: initial; border-image: initial; opacity: 0.25; font-family: Lato, sans-serif; font-size: 14px;\" />\r\n<p style=\"box-sizing: border-box; margin: 0px 0px 5px; padding: 0px; border: 0px; font-variant-numeric: inherit; font-variant-east-asian: inherit; font-stretch: inherit; font-size: 1rem; line-height: 24px; font-family: Lato, sans-serif; vertical-align: baseline; color: #7e7e7e; background-color: #ffffff;\">Laconic overheard dear woodchuck wow this outrageously taut beaver hey hello far meadowlark imitatively egregiously hugged that yikes minimally unanimous pouted flirtatiously as beaver beheld above forward energetic across this jeepers beneficently cockily less a the raucously that magic upheld far so the this where crud then below after jeez enchanting drunkenly more much wow callously irrespective limpet.</p>\r\n<h4 class=\"mt-30\" style=\"box-sizing: border-box; line-height: 1.2; font-size: 24px; padding: 0px; border: 0px; font-variant-numeric: inherit; font-variant-east-asian: inherit; font-stretch: inherit; font-family: Quicksand, sans-serif; vertical-align: baseline; transition: all 0.3s ease 0s; color: #253d4e; background-color: #ffffff; margin: 30px !important 0px 0px 0px;\">Packaging &amp; Delivery</h4>\r\n<hr class=\"wp-block-separator is-style-wide\" style=\"box-sizing: content-box; height: 1px; overflow: visible; margin: 1rem 0px; color: #7e7e7e; border-top: 0px; border-right-style: initial; border-bottom-style: initial; border-left-style: initial; border-right-color: initial; border-bottom-color: initial; border-left-color: initial; border-image: initial; opacity: 0.25; font-family: Lato, sans-serif; font-size: 14px;\" />\r\n<p style=\"box-sizing: border-box; margin: 0px 0px 5px; padding: 0px; border: 0px; font-variant-numeric: inherit; font-variant-east-asian: inherit; font-stretch: inherit; font-size: 1rem; line-height: 24px; font-family: Lato, sans-serif; vertical-align: baseline; color: #7e7e7e; background-color: #ffffff;\">Less lion goodness that euphemistically robin expeditiously bluebird smugly scratched far while thus cackled sheepishly rigid after due one assenting regarding censorious while occasional or this more crane went more as this less much amid overhung anathematic because much held one exuberantly sheep goodness so where rat wry well concomitantly.</p>\r\n<p style=\"box-sizing: border-box; margin: 0px 0px 5px; padding: 0px; border: 0px; font-variant-numeric: inherit; font-variant-east-asian: inherit; font-stretch: inherit; font-size: 1rem; line-height: 24px; font-family: Lato, sans-serif; vertical-align: baseline; color: #7e7e7e; background-color: #ffffff;\">Scallop or far crud plain remarkably far by thus far iguana lewd precociously and and less rattlesnake contrary caustic wow this near alas and next and pled the yikes articulate about as less cackled dalmatian in much less well jeering for the thanks blindly sentimental whimpered less across objectively fanciful grimaced wildly some wow and rose jeepers outgrew lugubrious luridly irrationally attractively dachshund.</p>', 'upload/products/thambnail/1740390426441547.webp', '14', 1, 1, 1, NULL, 1, '2022-08-06 00:00:50', NULL),
(16, 3, 2, 3, 'Epson L3200 Multi-function Color', 'epson-l3200-multi-function-color', '3223432', '400', 'new product,top product', 'Small,Midium,Large', 'Red,Blue,Black', '1200', '400', 'Lorem ipsum dolor, sit amet consectetur adipisicing elit. Aliquam rem officia, corrupti reiciendis minima nisi modi, quasi, odio minus dolore impedit fuga eum eligendi.', '<p style=\"box-sizing: border-box; margin: 0px 0px 5px; padding: 0px; border: 0px; font-variant-numeric: inherit; font-variant-east-asian: inherit; font-stretch: inherit; font-size: 1rem; line-height: 24px; font-family: Lato, sans-serif; vertical-align: baseline; color: #7e7e7e; background-color: #ffffff;\">Uninhibited carnally hired played in whimpered dear gorilla koala depending and much yikes off far quetzal goodness and from for grimaced goodness unaccountably and meadowlark near unblushingly crucial scallop tightly neurotic hungrily some and dear furiously this apart.</p>\r\n<p style=\"box-sizing: border-box; margin: 0px 0px 5px; padding: 0px; border: 0px; font-variant-numeric: inherit; font-variant-east-asian: inherit; font-stretch: inherit; font-size: 1rem; line-height: 24px; font-family: Lato, sans-serif; vertical-align: baseline; color: #7e7e7e; background-color: #ffffff;\">Spluttered narrowly yikes left moth in yikes bowed this that grizzly much hello on spoon-fed that alas rethought much decently richly and wow against the frequent fluidly at formidable acceptably flapped besides and much circa far over the bucolically hey precarious goldfinch mastodon goodness gnashed a jellyfish and one however because.</p>\r\n<ul class=\"product-more-infor mt-30\" style=\"box-sizing: border-box; padding: 0px 0px 0px 14px; border: 0px; font-variant-numeric: inherit; font-variant-east-asian: inherit; font-stretch: inherit; font-size: 14px; line-height: inherit; font-family: Lato, sans-serif; vertical-align: baseline; list-style: none; color: #7e7e7e; background-color: #ffffff; margin: 30px !important 0px 0px 0px;\">\r\n<li style=\"box-sizing: border-box; margin: 0px 0px 10px; padding: 0px; border: 0px; font: inherit; vertical-align: baseline; display: flex; position: relative;\"><span style=\"box-sizing: border-box; margin: 0px; padding: 0px; border: 0px; font: inherit; vertical-align: baseline; transition: all 0.3s ease 0s; -webkit-box-flex: 0; flex: 0 0 165px; display: inline-block;\">Type Of Packing</span>Bottle</li>\r\n<li style=\"box-sizing: border-box; margin: 0px 0px 10px; padding: 0px; border: 0px; font: inherit; vertical-align: baseline; display: flex; position: relative;\"><span style=\"box-sizing: border-box; margin: 0px; padding: 0px; border: 0px; font: inherit; vertical-align: baseline; transition: all 0.3s ease 0s; -webkit-box-flex: 0; flex: 0 0 165px; display: inline-block;\">Color</span>Green, Pink, Powder Blue, Purple</li>\r\n<li style=\"box-sizing: border-box; margin: 0px 0px 10px; padding: 0px; border: 0px; font: inherit; vertical-align: baseline; display: flex; position: relative;\"><span style=\"box-sizing: border-box; margin: 0px; padding: 0px; border: 0px; font: inherit; vertical-align: baseline; transition: all 0.3s ease 0s; -webkit-box-flex: 0; flex: 0 0 165px; display: inline-block;\">Quantity Per Case</span>100ml</li>\r\n<li style=\"box-sizing: border-box; margin: 0px 0px 10px; padding: 0px; border: 0px; font: inherit; vertical-align: baseline; display: flex; position: relative;\"><span style=\"box-sizing: border-box; margin: 0px; padding: 0px; border: 0px; font: inherit; vertical-align: baseline; transition: all 0.3s ease 0s; -webkit-box-flex: 0; flex: 0 0 165px; display: inline-block;\">Ethyl Alcohol</span>70%</li>\r\n<li style=\"box-sizing: border-box; margin: 0px; padding: 0px; border: 0px; font: inherit; vertical-align: baseline; display: flex; position: relative;\"><span style=\"box-sizing: border-box; margin: 0px; padding: 0px; border: 0px; font: inherit; vertical-align: baseline; transition: all 0.3s ease 0s; -webkit-box-flex: 0; flex: 0 0 165px; display: inline-block;\">Piece In One</span>Carton</li>\r\n</ul>\r\n<hr class=\"wp-block-separator is-style-dots\" style=\"box-sizing: content-box; height: 1px; overflow: visible; margin: 1rem 0px; color: #7e7e7e; border-top: 0px; border-right-style: initial; border-bottom-style: initial; border-left-style: initial; border-right-color: initial; border-bottom-color: initial; border-left-color: initial; border-image: initial; opacity: 0.25; font-family: Lato, sans-serif; font-size: 14px;\" />\r\n<p style=\"box-sizing: border-box; margin: 0px 0px 5px; padding: 0px; border: 0px; font-variant-numeric: inherit; font-variant-east-asian: inherit; font-stretch: inherit; font-size: 1rem; line-height: 24px; font-family: Lato, sans-serif; vertical-align: baseline; color: #7e7e7e; background-color: #ffffff;\">Laconic overheard dear woodchuck wow this outrageously taut beaver hey hello far meadowlark imitatively egregiously hugged that yikes minimally unanimous pouted flirtatiously as beaver beheld above forward energetic across this jeepers beneficently cockily less a the raucously that magic upheld far so the this where crud then below after jeez enchanting drunkenly more much wow callously irrespective limpet.</p>\r\n<h4 class=\"mt-30\" style=\"box-sizing: border-box; line-height: 1.2; font-size: 24px; padding: 0px; border: 0px; font-variant-numeric: inherit; font-variant-east-asian: inherit; font-stretch: inherit; font-family: Quicksand, sans-serif; vertical-align: baseline; transition: all 0.3s ease 0s; color: #253d4e; background-color: #ffffff; margin: 30px !important 0px 0px 0px;\">Packaging &amp; Delivery</h4>\r\n<hr class=\"wp-block-separator is-style-wide\" style=\"box-sizing: content-box; height: 1px; overflow: visible; margin: 1rem 0px; color: #7e7e7e; border-top: 0px; border-right-style: initial; border-bottom-style: initial; border-left-style: initial; border-right-color: initial; border-bottom-color: initial; border-left-color: initial; border-image: initial; opacity: 0.25; font-family: Lato, sans-serif; font-size: 14px;\" />\r\n<p style=\"box-sizing: border-box; margin: 0px 0px 5px; padding: 0px; border: 0px; font-variant-numeric: inherit; font-variant-east-asian: inherit; font-stretch: inherit; font-size: 1rem; line-height: 24px; font-family: Lato, sans-serif; vertical-align: baseline; color: #7e7e7e; background-color: #ffffff;\">Less lion goodness that euphemistically robin expeditiously bluebird smugly scratched far while thus cackled sheepishly rigid after due one assenting regarding censorious while occasional or this more crane went more as this less much amid overhung anathematic because much held one exuberantly sheep goodness so where rat wry well concomitantly.</p>\r\n<p style=\"box-sizing: border-box; margin: 0px 0px 5px; padding: 0px; border: 0px; font-variant-numeric: inherit; font-variant-east-asian: inherit; font-stretch: inherit; font-size: 1rem; line-height: 24px; font-family: Lato, sans-serif; vertical-align: baseline; color: #7e7e7e; background-color: #ffffff;\">Scallop or far crud plain remarkably far by thus far iguana lewd precociously and and less rattlesnake contrary caustic wow this near alas and next and pled the yikes articulate about as less cackled dalmatian in much less well jeering for the thanks blindly sentimental whimpered less across objectively fanciful grimaced wildly some wow and rose jeepers outgrew lugubrious luridly irrationally attractively dachshund.</p>', 'upload/products/thambnail/1740390521459260.jpeg', '2', 1, 1, 1, NULL, 1, '2022-08-06 00:02:21', NULL);
INSERT INTO `products` (`id`, `brand_id`, `category_id`, `subcategory_id`, `product_name`, `product_slug`, `product_code`, `product_qty`, `product_tags`, `product_size`, `product_color`, `selling_price`, `discount_price`, `short_descp`, `long_descp`, `product_thambnail`, `vendor_id`, `hot_deals`, `featured`, `special_offer`, `special_deals`, `status`, `created_at`, `updated_at`) VALUES
(17, 2, 2, 4, 'Meraki Wonder Adjustable Cell Phone Holder', 'meraki-wonder-adjustable-cell-phone-holder', '434444', '400', 'new product,top product', 'Small,Midium,Large', 'Red,Blue,Black', '1200', '1000', 'Lorem ipsum dolor, sit amet consectetur adipisicing elit. Aliquam rem officia, corrupti reiciendis minima nisi modi, quasi, odio minus dolore impedit fuga eum eligendi.', '<p style=\"box-sizing: border-box; margin: 0px 0px 5px; padding: 0px; border: 0px; font-variant-numeric: inherit; font-variant-east-asian: inherit; font-stretch: inherit; font-size: 1rem; line-height: 24px; font-family: Lato, sans-serif; vertical-align: baseline; color: #7e7e7e; background-color: #ffffff;\">Uninhibited carnally hired played in whimpered dear gorilla koala depending and much yikes off far quetzal goodness and from for grimaced goodness unaccountably and meadowlark near unblushingly crucial scallop tightly neurotic hungrily some and dear furiously this apart.</p>\r\n<p style=\"box-sizing: border-box; margin: 0px 0px 5px; padding: 0px; border: 0px; font-variant-numeric: inherit; font-variant-east-asian: inherit; font-stretch: inherit; font-size: 1rem; line-height: 24px; font-family: Lato, sans-serif; vertical-align: baseline; color: #7e7e7e; background-color: #ffffff;\">Spluttered narrowly yikes left moth in yikes bowed this that grizzly much hello on spoon-fed that alas rethought much decently richly and wow against the frequent fluidly at formidable acceptably flapped besides and much circa far over the bucolically hey precarious goldfinch mastodon goodness gnashed a jellyfish and one however because.</p>\r\n<ul class=\"product-more-infor mt-30\" style=\"box-sizing: border-box; padding: 0px 0px 0px 14px; border: 0px; font-variant-numeric: inherit; font-variant-east-asian: inherit; font-stretch: inherit; font-size: 14px; line-height: inherit; font-family: Lato, sans-serif; vertical-align: baseline; list-style: none; color: #7e7e7e; background-color: #ffffff; margin: 30px !important 0px 0px 0px;\">\r\n<li style=\"box-sizing: border-box; margin: 0px 0px 10px; padding: 0px; border: 0px; font: inherit; vertical-align: baseline; display: flex; position: relative;\"><span style=\"box-sizing: border-box; margin: 0px; padding: 0px; border: 0px; font: inherit; vertical-align: baseline; transition: all 0.3s ease 0s; -webkit-box-flex: 0; flex: 0 0 165px; display: inline-block;\">Type Of Packing</span>Bottle</li>\r\n<li style=\"box-sizing: border-box; margin: 0px 0px 10px; padding: 0px; border: 0px; font: inherit; vertical-align: baseline; display: flex; position: relative;\"><span style=\"box-sizing: border-box; margin: 0px; padding: 0px; border: 0px; font: inherit; vertical-align: baseline; transition: all 0.3s ease 0s; -webkit-box-flex: 0; flex: 0 0 165px; display: inline-block;\">Color</span>Green, Pink, Powder Blue, Purple</li>\r\n<li style=\"box-sizing: border-box; margin: 0px 0px 10px; padding: 0px; border: 0px; font: inherit; vertical-align: baseline; display: flex; position: relative;\"><span style=\"box-sizing: border-box; margin: 0px; padding: 0px; border: 0px; font: inherit; vertical-align: baseline; transition: all 0.3s ease 0s; -webkit-box-flex: 0; flex: 0 0 165px; display: inline-block;\">Quantity Per Case</span>100ml</li>\r\n<li style=\"box-sizing: border-box; margin: 0px 0px 10px; padding: 0px; border: 0px; font: inherit; vertical-align: baseline; display: flex; position: relative;\"><span style=\"box-sizing: border-box; margin: 0px; padding: 0px; border: 0px; font: inherit; vertical-align: baseline; transition: all 0.3s ease 0s; -webkit-box-flex: 0; flex: 0 0 165px; display: inline-block;\">Ethyl Alcohol</span>70%</li>\r\n<li style=\"box-sizing: border-box; margin: 0px; padding: 0px; border: 0px; font: inherit; vertical-align: baseline; display: flex; position: relative;\"><span style=\"box-sizing: border-box; margin: 0px; padding: 0px; border: 0px; font: inherit; vertical-align: baseline; transition: all 0.3s ease 0s; -webkit-box-flex: 0; flex: 0 0 165px; display: inline-block;\">Piece In One</span>Carton</li>\r\n</ul>\r\n<hr class=\"wp-block-separator is-style-dots\" style=\"box-sizing: content-box; height: 1px; overflow: visible; margin: 1rem 0px; color: #7e7e7e; border-top: 0px; border-right-style: initial; border-bottom-style: initial; border-left-style: initial; border-right-color: initial; border-bottom-color: initial; border-left-color: initial; border-image: initial; opacity: 0.25; font-family: Lato, sans-serif; font-size: 14px;\" />\r\n<p style=\"box-sizing: border-box; margin: 0px 0px 5px; padding: 0px; border: 0px; font-variant-numeric: inherit; font-variant-east-asian: inherit; font-stretch: inherit; font-size: 1rem; line-height: 24px; font-family: Lato, sans-serif; vertical-align: baseline; color: #7e7e7e; background-color: #ffffff;\">Laconic overheard dear woodchuck wow this outrageously taut beaver hey hello far meadowlark imitatively egregiously hugged that yikes minimally unanimous pouted flirtatiously as beaver beheld above forward energetic across this jeepers beneficently cockily less a the raucously that magic upheld far so the this where crud then below after jeez enchanting drunkenly more much wow callously irrespective limpet.</p>\r\n<h4 class=\"mt-30\" style=\"box-sizing: border-box; line-height: 1.2; font-size: 24px; padding: 0px; border: 0px; font-variant-numeric: inherit; font-variant-east-asian: inherit; font-stretch: inherit; font-family: Quicksand, sans-serif; vertical-align: baseline; transition: all 0.3s ease 0s; color: #253d4e; background-color: #ffffff; margin: 30px !important 0px 0px 0px;\">Packaging &amp; Delivery</h4>\r\n<hr class=\"wp-block-separator is-style-wide\" style=\"box-sizing: content-box; height: 1px; overflow: visible; margin: 1rem 0px; color: #7e7e7e; border-top: 0px; border-right-style: initial; border-bottom-style: initial; border-left-style: initial; border-right-color: initial; border-bottom-color: initial; border-left-color: initial; border-image: initial; opacity: 0.25; font-family: Lato, sans-serif; font-size: 14px;\" />\r\n<p style=\"box-sizing: border-box; margin: 0px 0px 5px; padding: 0px; border: 0px; font-variant-numeric: inherit; font-variant-east-asian: inherit; font-stretch: inherit; font-size: 1rem; line-height: 24px; font-family: Lato, sans-serif; vertical-align: baseline; color: #7e7e7e; background-color: #ffffff;\">Less lion goodness that euphemistically robin expeditiously bluebird smugly scratched far while thus cackled sheepishly rigid after due one assenting regarding censorious while occasional or this more crane went more as this less much amid overhung anathematic because much held one exuberantly sheep goodness so where rat wry well concomitantly.</p>\r\n<p style=\"box-sizing: border-box; margin: 0px 0px 5px; padding: 0px; border: 0px; font-variant-numeric: inherit; font-variant-east-asian: inherit; font-stretch: inherit; font-size: 1rem; line-height: 24px; font-family: Lato, sans-serif; vertical-align: baseline; color: #7e7e7e; background-color: #ffffff;\">Scallop or far crud plain remarkably far by thus far iguana lewd precociously and and less rattlesnake contrary caustic wow this near alas and next and pled the yikes articulate about as less cackled dalmatian in much less well jeering for the thanks blindly sentimental whimpered less across objectively fanciful grimaced wildly some wow and rose jeepers outgrew lugubrious luridly irrationally attractively dachshund.</p>', 'upload/products/thambnail/1740390669284753.webp', '2', 1, 1, 1, NULL, 1, '2022-08-06 00:04:42', NULL),
(18, 3, 2, 4, 'Portronics POR-1196 Modesk Plus', 'portronics-por-1196-modesk-plus', '434444', '200', 'new product,top product', 'Small,Midium,Large', 'Red,Blue,Black', '700', NULL, 'Lorem ipsum dolor, sit amet consectetur adipisicing elit. Aliquam rem officia, corrupti reiciendis minima nisi modi, quasi, odio minus dolore impedit fuga eum eligendi.', '<p style=\"box-sizing: border-box; margin: 0px 0px 5px; padding: 0px; border: 0px; font-variant-numeric: inherit; font-variant-east-asian: inherit; font-stretch: inherit; font-size: 1rem; line-height: 24px; font-family: Lato, sans-serif; vertical-align: baseline; color: #7e7e7e; background-color: #ffffff;\">Uninhibited carnally hired played in whimpered dear gorilla koala depending and much yikes off far quetzal goodness and from for grimaced goodness unaccountably and meadowlark near unblushingly crucial scallop tightly neurotic hungrily some and dear furiously this apart.</p>\r\n<p style=\"box-sizing: border-box; margin: 0px 0px 5px; padding: 0px; border: 0px; font-variant-numeric: inherit; font-variant-east-asian: inherit; font-stretch: inherit; font-size: 1rem; line-height: 24px; font-family: Lato, sans-serif; vertical-align: baseline; color: #7e7e7e; background-color: #ffffff;\">Spluttered narrowly yikes left moth in yikes bowed this that grizzly much hello on spoon-fed that alas rethought much decently richly and wow against the frequent fluidly at formidable acceptably flapped besides and much circa far over the bucolically hey precarious goldfinch mastodon goodness gnashed a jellyfish and one however because.</p>\r\n<ul class=\"product-more-infor mt-30\" style=\"box-sizing: border-box; padding: 0px 0px 0px 14px; border: 0px; font-variant-numeric: inherit; font-variant-east-asian: inherit; font-stretch: inherit; font-size: 14px; line-height: inherit; font-family: Lato, sans-serif; vertical-align: baseline; list-style: none; color: #7e7e7e; background-color: #ffffff; margin: 30px !important 0px 0px 0px;\">\r\n<li style=\"box-sizing: border-box; margin: 0px 0px 10px; padding: 0px; border: 0px; font: inherit; vertical-align: baseline; display: flex; position: relative;\"><span style=\"box-sizing: border-box; margin: 0px; padding: 0px; border: 0px; font: inherit; vertical-align: baseline; transition: all 0.3s ease 0s; -webkit-box-flex: 0; flex: 0 0 165px; display: inline-block;\">Type Of Packing</span>Bottle</li>\r\n<li style=\"box-sizing: border-box; margin: 0px 0px 10px; padding: 0px; border: 0px; font: inherit; vertical-align: baseline; display: flex; position: relative;\"><span style=\"box-sizing: border-box; margin: 0px; padding: 0px; border: 0px; font: inherit; vertical-align: baseline; transition: all 0.3s ease 0s; -webkit-box-flex: 0; flex: 0 0 165px; display: inline-block;\">Color</span>Green, Pink, Powder Blue, Purple</li>\r\n<li style=\"box-sizing: border-box; margin: 0px 0px 10px; padding: 0px; border: 0px; font: inherit; vertical-align: baseline; display: flex; position: relative;\"><span style=\"box-sizing: border-box; margin: 0px; padding: 0px; border: 0px; font: inherit; vertical-align: baseline; transition: all 0.3s ease 0s; -webkit-box-flex: 0; flex: 0 0 165px; display: inline-block;\">Quantity Per Case</span>100ml</li>\r\n<li style=\"box-sizing: border-box; margin: 0px 0px 10px; padding: 0px; border: 0px; font: inherit; vertical-align: baseline; display: flex; position: relative;\"><span style=\"box-sizing: border-box; margin: 0px; padding: 0px; border: 0px; font: inherit; vertical-align: baseline; transition: all 0.3s ease 0s; -webkit-box-flex: 0; flex: 0 0 165px; display: inline-block;\">Ethyl Alcohol</span>70%</li>\r\n<li style=\"box-sizing: border-box; margin: 0px; padding: 0px; border: 0px; font: inherit; vertical-align: baseline; display: flex; position: relative;\"><span style=\"box-sizing: border-box; margin: 0px; padding: 0px; border: 0px; font: inherit; vertical-align: baseline; transition: all 0.3s ease 0s; -webkit-box-flex: 0; flex: 0 0 165px; display: inline-block;\">Piece In One</span>Carton</li>\r\n</ul>\r\n<hr class=\"wp-block-separator is-style-dots\" style=\"box-sizing: content-box; height: 1px; overflow: visible; margin: 1rem 0px; color: #7e7e7e; border-top: 0px; border-right-style: initial; border-bottom-style: initial; border-left-style: initial; border-right-color: initial; border-bottom-color: initial; border-left-color: initial; border-image: initial; opacity: 0.25; font-family: Lato, sans-serif; font-size: 14px;\" />\r\n<p style=\"box-sizing: border-box; margin: 0px 0px 5px; padding: 0px; border: 0px; font-variant-numeric: inherit; font-variant-east-asian: inherit; font-stretch: inherit; font-size: 1rem; line-height: 24px; font-family: Lato, sans-serif; vertical-align: baseline; color: #7e7e7e; background-color: #ffffff;\">Laconic overheard dear woodchuck wow this outrageously taut beaver hey hello far meadowlark imitatively egregiously hugged that yikes minimally unanimous pouted flirtatiously as beaver beheld above forward energetic across this jeepers beneficently cockily less a the raucously that magic upheld far so the this where crud then below after jeez enchanting drunkenly more much wow callously irrespective limpet.</p>\r\n<h4 class=\"mt-30\" style=\"box-sizing: border-box; line-height: 1.2; font-size: 24px; padding: 0px; border: 0px; font-variant-numeric: inherit; font-variant-east-asian: inherit; font-stretch: inherit; font-family: Quicksand, sans-serif; vertical-align: baseline; transition: all 0.3s ease 0s; color: #253d4e; background-color: #ffffff; margin: 30px !important 0px 0px 0px;\">Packaging &amp; Delivery</h4>\r\n<hr class=\"wp-block-separator is-style-wide\" style=\"box-sizing: content-box; height: 1px; overflow: visible; margin: 1rem 0px; color: #7e7e7e; border-top: 0px; border-right-style: initial; border-bottom-style: initial; border-left-style: initial; border-right-color: initial; border-bottom-color: initial; border-left-color: initial; border-image: initial; opacity: 0.25; font-family: Lato, sans-serif; font-size: 14px;\" />\r\n<p style=\"box-sizing: border-box; margin: 0px 0px 5px; padding: 0px; border: 0px; font-variant-numeric: inherit; font-variant-east-asian: inherit; font-stretch: inherit; font-size: 1rem; line-height: 24px; font-family: Lato, sans-serif; vertical-align: baseline; color: #7e7e7e; background-color: #ffffff;\">Less lion goodness that euphemistically robin expeditiously bluebird smugly scratched far while thus cackled sheepishly rigid after due one assenting regarding censorious while occasional or this more crane went more as this less much amid overhung anathematic because much held one exuberantly sheep goodness so where rat wry well concomitantly.</p>\r\n<p style=\"box-sizing: border-box; margin: 0px 0px 5px; padding: 0px; border: 0px; font-variant-numeric: inherit; font-variant-east-asian: inherit; font-stretch: inherit; font-size: 1rem; line-height: 24px; font-family: Lato, sans-serif; vertical-align: baseline; color: #7e7e7e; background-color: #ffffff;\">Scallop or far crud plain remarkably far by thus far iguana lewd precociously and and less rattlesnake contrary caustic wow this near alas and next and pled the yikes articulate about as less cackled dalmatian in much less well jeering for the thanks blindly sentimental whimpered less across objectively fanciful grimaced wildly some wow and rose jeepers outgrew lugubrious luridly irrationally attractively dachshund.</p>', 'upload/products/thambnail/1740390741204758.webp', '15', 1, 1, 1, 1, 1, '2022-08-06 00:05:50', NULL),
(19, 3, 3, 9, 'Chhariya Crafts Metal Feng Shui Tortoise', 'chhariya-crafts-metal-feng-shui-tortoise', '434444', '400', 'new product,top product', NULL, NULL, '590', '500', 'Lorem ipsum dolor, sit amet consectetur adipisicing elit. Aliquam rem officia, corrupti reiciendis minima nisi modi, quasi, odio minus dolore impedit fuga eum eligendi.', '<p style=\"box-sizing: border-box; margin: 0px 0px 5px; padding: 0px; border: 0px; font-variant-numeric: inherit; font-variant-east-asian: inherit; font-stretch: inherit; font-size: 1rem; line-height: 24px; font-family: Lato, sans-serif; vertical-align: baseline; color: #7e7e7e; background-color: #ffffff;\">Uninhibited carnally hired played in whimpered dear gorilla koala depending and much yikes off far quetzal goodness and from for grimaced goodness unaccountably and meadowlark near unblushingly crucial scallop tightly neurotic hungrily some and dear furiously this apart.</p>\r\n<p style=\"box-sizing: border-box; margin: 0px 0px 5px; padding: 0px; border: 0px; font-variant-numeric: inherit; font-variant-east-asian: inherit; font-stretch: inherit; font-size: 1rem; line-height: 24px; font-family: Lato, sans-serif; vertical-align: baseline; color: #7e7e7e; background-color: #ffffff;\">Spluttered narrowly yikes left moth in yikes bowed this that grizzly much hello on spoon-fed that alas rethought much decently richly and wow against the frequent fluidly at formidable acceptably flapped besides and much circa far over the bucolically hey precarious goldfinch mastodon goodness gnashed a jellyfish and one however because.</p>\r\n<ul class=\"product-more-infor mt-30\" style=\"box-sizing: border-box; padding: 0px 0px 0px 14px; border: 0px; font-variant-numeric: inherit; font-variant-east-asian: inherit; font-stretch: inherit; font-size: 14px; line-height: inherit; font-family: Lato, sans-serif; vertical-align: baseline; list-style: none; color: #7e7e7e; background-color: #ffffff; margin: 30px !important 0px 0px 0px;\">\r\n<li style=\"box-sizing: border-box; margin: 0px 0px 10px; padding: 0px; border: 0px; font: inherit; vertical-align: baseline; display: flex; position: relative;\"><span style=\"box-sizing: border-box; margin: 0px; padding: 0px; border: 0px; font: inherit; vertical-align: baseline; transition: all 0.3s ease 0s; -webkit-box-flex: 0; flex: 0 0 165px; display: inline-block;\">Type Of Packing</span>Bottle</li>\r\n<li style=\"box-sizing: border-box; margin: 0px 0px 10px; padding: 0px; border: 0px; font: inherit; vertical-align: baseline; display: flex; position: relative;\"><span style=\"box-sizing: border-box; margin: 0px; padding: 0px; border: 0px; font: inherit; vertical-align: baseline; transition: all 0.3s ease 0s; -webkit-box-flex: 0; flex: 0 0 165px; display: inline-block;\">Color</span>Green, Pink, Powder Blue, Purple</li>\r\n<li style=\"box-sizing: border-box; margin: 0px 0px 10px; padding: 0px; border: 0px; font: inherit; vertical-align: baseline; display: flex; position: relative;\"><span style=\"box-sizing: border-box; margin: 0px; padding: 0px; border: 0px; font: inherit; vertical-align: baseline; transition: all 0.3s ease 0s; -webkit-box-flex: 0; flex: 0 0 165px; display: inline-block;\">Quantity Per Case</span>100ml</li>\r\n<li style=\"box-sizing: border-box; margin: 0px 0px 10px; padding: 0px; border: 0px; font: inherit; vertical-align: baseline; display: flex; position: relative;\"><span style=\"box-sizing: border-box; margin: 0px; padding: 0px; border: 0px; font: inherit; vertical-align: baseline; transition: all 0.3s ease 0s; -webkit-box-flex: 0; flex: 0 0 165px; display: inline-block;\">Ethyl Alcohol</span>70%</li>\r\n<li style=\"box-sizing: border-box; margin: 0px; padding: 0px; border: 0px; font: inherit; vertical-align: baseline; display: flex; position: relative;\"><span style=\"box-sizing: border-box; margin: 0px; padding: 0px; border: 0px; font: inherit; vertical-align: baseline; transition: all 0.3s ease 0s; -webkit-box-flex: 0; flex: 0 0 165px; display: inline-block;\">Piece In One</span>Carton</li>\r\n</ul>\r\n<hr class=\"wp-block-separator is-style-dots\" style=\"box-sizing: content-box; height: 1px; overflow: visible; margin: 1rem 0px; color: #7e7e7e; border-top: 0px; border-right-style: initial; border-bottom-style: initial; border-left-style: initial; border-right-color: initial; border-bottom-color: initial; border-left-color: initial; border-image: initial; opacity: 0.25; font-family: Lato, sans-serif; font-size: 14px;\" />\r\n<p style=\"box-sizing: border-box; margin: 0px 0px 5px; padding: 0px; border: 0px; font-variant-numeric: inherit; font-variant-east-asian: inherit; font-stretch: inherit; font-size: 1rem; line-height: 24px; font-family: Lato, sans-serif; vertical-align: baseline; color: #7e7e7e; background-color: #ffffff;\">Laconic overheard dear woodchuck wow this outrageously taut beaver hey hello far meadowlark imitatively egregiously hugged that yikes minimally unanimous pouted flirtatiously as beaver beheld above forward energetic across this jeepers beneficently cockily less a the raucously that magic upheld far so the this where crud then below after jeez enchanting drunkenly more much wow callously irrespective limpet.</p>\r\n<h4 class=\"mt-30\" style=\"box-sizing: border-box; line-height: 1.2; font-size: 24px; padding: 0px; border: 0px; font-variant-numeric: inherit; font-variant-east-asian: inherit; font-stretch: inherit; font-family: Quicksand, sans-serif; vertical-align: baseline; transition: all 0.3s ease 0s; color: #253d4e; background-color: #ffffff; margin: 30px !important 0px 0px 0px;\">Packaging &amp; Delivery</h4>\r\n<hr class=\"wp-block-separator is-style-wide\" style=\"box-sizing: content-box; height: 1px; overflow: visible; margin: 1rem 0px; color: #7e7e7e; border-top: 0px; border-right-style: initial; border-bottom-style: initial; border-left-style: initial; border-right-color: initial; border-bottom-color: initial; border-left-color: initial; border-image: initial; opacity: 0.25; font-family: Lato, sans-serif; font-size: 14px;\" />\r\n<p style=\"box-sizing: border-box; margin: 0px 0px 5px; padding: 0px; border: 0px; font-variant-numeric: inherit; font-variant-east-asian: inherit; font-stretch: inherit; font-size: 1rem; line-height: 24px; font-family: Lato, sans-serif; vertical-align: baseline; color: #7e7e7e; background-color: #ffffff;\">Less lion goodness that euphemistically robin expeditiously bluebird smugly scratched far while thus cackled sheepishly rigid after due one assenting regarding censorious while occasional or this more crane went more as this less much amid overhung anathematic because much held one exuberantly sheep goodness so where rat wry well concomitantly.</p>\r\n<p style=\"box-sizing: border-box; margin: 0px 0px 5px; padding: 0px; border: 0px; font-variant-numeric: inherit; font-variant-east-asian: inherit; font-stretch: inherit; font-size: 1rem; line-height: 24px; font-family: Lato, sans-serif; vertical-align: baseline; color: #7e7e7e; background-color: #ffffff;\">Scallop or far crud plain remarkably far by thus far iguana lewd precociously and and less rattlesnake contrary caustic wow this near alas and next and pled the yikes articulate about as less cackled dalmatian in much less well jeering for the thanks blindly sentimental whimpered less across objectively fanciful grimaced wildly some wow and rose jeepers outgrew lugubrious luridly irrationally attractively dachshund.</p>', 'upload/products/thambnail/1740391009693051.webp', '14', 1, 1, 1, 1, 1, '2022-08-06 00:10:06', NULL),
(20, 3, 3, 9, 'Fashion Bizz Antique Handmade Vintag', 'fashion-bizz-antique-handmade-vintag', '3453451', '400', 'new product,top product', NULL, NULL, '590', '500', 'Lorem ipsum dolor, sit amet consectetur adipisicing elit. Aliquam rem officia, corrupti reiciendis minima nisi modi, quasi, odio minus dolore impedit fuga eum eligendi.', '<p style=\"box-sizing: border-box; margin: 0px 0px 5px; padding: 0px; border: 0px; font-variant-numeric: inherit; font-variant-east-asian: inherit; font-stretch: inherit; font-size: 1rem; line-height: 24px; font-family: Lato, sans-serif; vertical-align: baseline; color: #7e7e7e; background-color: #ffffff;\">Uninhibited carnally hired played in whimpered dear gorilla koala depending and much yikes off far quetzal goodness and from for grimaced goodness unaccountably and meadowlark near unblushingly crucial scallop tightly neurotic hungrily some and dear furiously this apart.</p>\r\n<p style=\"box-sizing: border-box; margin: 0px 0px 5px; padding: 0px; border: 0px; font-variant-numeric: inherit; font-variant-east-asian: inherit; font-stretch: inherit; font-size: 1rem; line-height: 24px; font-family: Lato, sans-serif; vertical-align: baseline; color: #7e7e7e; background-color: #ffffff;\">Spluttered narrowly yikes left moth in yikes bowed this that grizzly much hello on spoon-fed that alas rethought much decently richly and wow against the frequent fluidly at formidable acceptably flapped besides and much circa far over the bucolically hey precarious goldfinch mastodon goodness gnashed a jellyfish and one however because.</p>\r\n<ul class=\"product-more-infor mt-30\" style=\"box-sizing: border-box; padding: 0px 0px 0px 14px; border: 0px; font-variant-numeric: inherit; font-variant-east-asian: inherit; font-stretch: inherit; font-size: 14px; line-height: inherit; font-family: Lato, sans-serif; vertical-align: baseline; list-style: none; color: #7e7e7e; background-color: #ffffff; margin: 30px !important 0px 0px 0px;\">\r\n<li style=\"box-sizing: border-box; margin: 0px 0px 10px; padding: 0px; border: 0px; font: inherit; vertical-align: baseline; display: flex; position: relative;\"><span style=\"box-sizing: border-box; margin: 0px; padding: 0px; border: 0px; font: inherit; vertical-align: baseline; transition: all 0.3s ease 0s; -webkit-box-flex: 0; flex: 0 0 165px; display: inline-block;\">Type Of Packing</span>Bottle</li>\r\n<li style=\"box-sizing: border-box; margin: 0px 0px 10px; padding: 0px; border: 0px; font: inherit; vertical-align: baseline; display: flex; position: relative;\"><span style=\"box-sizing: border-box; margin: 0px; padding: 0px; border: 0px; font: inherit; vertical-align: baseline; transition: all 0.3s ease 0s; -webkit-box-flex: 0; flex: 0 0 165px; display: inline-block;\">Color</span>Green, Pink, Powder Blue, Purple</li>\r\n<li style=\"box-sizing: border-box; margin: 0px 0px 10px; padding: 0px; border: 0px; font: inherit; vertical-align: baseline; display: flex; position: relative;\"><span style=\"box-sizing: border-box; margin: 0px; padding: 0px; border: 0px; font: inherit; vertical-align: baseline; transition: all 0.3s ease 0s; -webkit-box-flex: 0; flex: 0 0 165px; display: inline-block;\">Quantity Per Case</span>100ml</li>\r\n<li style=\"box-sizing: border-box; margin: 0px 0px 10px; padding: 0px; border: 0px; font: inherit; vertical-align: baseline; display: flex; position: relative;\"><span style=\"box-sizing: border-box; margin: 0px; padding: 0px; border: 0px; font: inherit; vertical-align: baseline; transition: all 0.3s ease 0s; -webkit-box-flex: 0; flex: 0 0 165px; display: inline-block;\">Ethyl Alcohol</span>70%</li>\r\n<li style=\"box-sizing: border-box; margin: 0px; padding: 0px; border: 0px; font: inherit; vertical-align: baseline; display: flex; position: relative;\"><span style=\"box-sizing: border-box; margin: 0px; padding: 0px; border: 0px; font: inherit; vertical-align: baseline; transition: all 0.3s ease 0s; -webkit-box-flex: 0; flex: 0 0 165px; display: inline-block;\">Piece In One</span>Carton</li>\r\n</ul>\r\n<hr class=\"wp-block-separator is-style-dots\" style=\"box-sizing: content-box; height: 1px; overflow: visible; margin: 1rem 0px; color: #7e7e7e; border-top: 0px; border-right-style: initial; border-bottom-style: initial; border-left-style: initial; border-right-color: initial; border-bottom-color: initial; border-left-color: initial; border-image: initial; opacity: 0.25; font-family: Lato, sans-serif; font-size: 14px;\" />\r\n<p style=\"box-sizing: border-box; margin: 0px 0px 5px; padding: 0px; border: 0px; font-variant-numeric: inherit; font-variant-east-asian: inherit; font-stretch: inherit; font-size: 1rem; line-height: 24px; font-family: Lato, sans-serif; vertical-align: baseline; color: #7e7e7e; background-color: #ffffff;\">Laconic overheard dear woodchuck wow this outrageously taut beaver hey hello far meadowlark imitatively egregiously hugged that yikes minimally unanimous pouted flirtatiously as beaver beheld above forward energetic across this jeepers beneficently cockily less a the raucously that magic upheld far so the this where crud then below after jeez enchanting drunkenly more much wow callously irrespective limpet.</p>\r\n<h4 class=\"mt-30\" style=\"box-sizing: border-box; line-height: 1.2; font-size: 24px; padding: 0px; border: 0px; font-variant-numeric: inherit; font-variant-east-asian: inherit; font-stretch: inherit; font-family: Quicksand, sans-serif; vertical-align: baseline; transition: all 0.3s ease 0s; color: #253d4e; background-color: #ffffff; margin: 30px !important 0px 0px 0px;\">Packaging &amp; Delivery</h4>\r\n<hr class=\"wp-block-separator is-style-wide\" style=\"box-sizing: content-box; height: 1px; overflow: visible; margin: 1rem 0px; color: #7e7e7e; border-top: 0px; border-right-style: initial; border-bottom-style: initial; border-left-style: initial; border-right-color: initial; border-bottom-color: initial; border-left-color: initial; border-image: initial; opacity: 0.25; font-family: Lato, sans-serif; font-size: 14px;\" />\r\n<p style=\"box-sizing: border-box; margin: 0px 0px 5px; padding: 0px; border: 0px; font-variant-numeric: inherit; font-variant-east-asian: inherit; font-stretch: inherit; font-size: 1rem; line-height: 24px; font-family: Lato, sans-serif; vertical-align: baseline; color: #7e7e7e; background-color: #ffffff;\">Less lion goodness that euphemistically robin expeditiously bluebird smugly scratched far while thus cackled sheepishly rigid after due one assenting regarding censorious while occasional or this more crane went more as this less much amid overhung anathematic because much held one exuberantly sheep goodness so where rat wry well concomitantly.</p>\r\n<p style=\"box-sizing: border-box; margin: 0px 0px 5px; padding: 0px; border: 0px; font-variant-numeric: inherit; font-variant-east-asian: inherit; font-stretch: inherit; font-size: 1rem; line-height: 24px; font-family: Lato, sans-serif; vertical-align: baseline; color: #7e7e7e; background-color: #ffffff;\">Scallop or far crud plain remarkably far by thus far iguana lewd precociously and and less rattlesnake contrary caustic wow this near alas and next and pled the yikes articulate about as less cackled dalmatian in much less well jeering for the thanks blindly sentimental whimpered less across objectively fanciful grimaced wildly some wow and rose jeepers outgrew lugubrious luridly irrationally attractively dachshund.</p>', 'upload/products/thambnail/1740391100708280.webp', '2', 1, 1, 1, NULL, 1, '2022-08-06 00:11:33', NULL),
(21, 4, 3, 9, 'Aakriti Solar Laughing Buddha Holding', 'aakriti-solar-laughing-buddha-holding', '3453451', '201', 'new product,top product', NULL, NULL, '600', NULL, 'Lorem ipsum dolor, sit amet consectetur adipisicing elit. Aliquam rem officia, corrupti reiciendis minima nisi modi, quasi, odio minus dolore impedit fuga eum eligendi.', '<p style=\"box-sizing: border-box; margin: 0px 0px 5px; padding: 0px; border: 0px; font-variant-numeric: inherit; font-variant-east-asian: inherit; font-stretch: inherit; font-size: 1rem; line-height: 24px; font-family: Lato, sans-serif; vertical-align: baseline; color: #7e7e7e; background-color: #ffffff;\">Uninhibited carnally hired played in whimpered dear gorilla koala depending and much yikes off far quetzal goodness and from for grimaced goodness unaccountably and meadowlark near unblushingly crucial scallop tightly neurotic hungrily some and dear furiously this apart.</p>\r\n<p style=\"box-sizing: border-box; margin: 0px 0px 5px; padding: 0px; border: 0px; font-variant-numeric: inherit; font-variant-east-asian: inherit; font-stretch: inherit; font-size: 1rem; line-height: 24px; font-family: Lato, sans-serif; vertical-align: baseline; color: #7e7e7e; background-color: #ffffff;\">Spluttered narrowly yikes left moth in yikes bowed this that grizzly much hello on spoon-fed that alas rethought much decently richly and wow against the frequent fluidly at formidable acceptably flapped besides and much circa far over the bucolically hey precarious goldfinch mastodon goodness gnashed a jellyfish and one however because.</p>\r\n<ul class=\"product-more-infor mt-30\" style=\"box-sizing: border-box; padding: 0px 0px 0px 14px; border: 0px; font-variant-numeric: inherit; font-variant-east-asian: inherit; font-stretch: inherit; font-size: 14px; line-height: inherit; font-family: Lato, sans-serif; vertical-align: baseline; list-style: none; color: #7e7e7e; background-color: #ffffff; margin: 30px !important 0px 0px 0px;\">\r\n<li style=\"box-sizing: border-box; margin: 0px 0px 10px; padding: 0px; border: 0px; font: inherit; vertical-align: baseline; display: flex; position: relative;\"><span style=\"box-sizing: border-box; margin: 0px; padding: 0px; border: 0px; font: inherit; vertical-align: baseline; transition: all 0.3s ease 0s; -webkit-box-flex: 0; flex: 0 0 165px; display: inline-block;\">Type Of Packing</span>Bottle</li>\r\n<li style=\"box-sizing: border-box; margin: 0px 0px 10px; padding: 0px; border: 0px; font: inherit; vertical-align: baseline; display: flex; position: relative;\"><span style=\"box-sizing: border-box; margin: 0px; padding: 0px; border: 0px; font: inherit; vertical-align: baseline; transition: all 0.3s ease 0s; -webkit-box-flex: 0; flex: 0 0 165px; display: inline-block;\">Color</span>Green, Pink, Powder Blue, Purple</li>\r\n<li style=\"box-sizing: border-box; margin: 0px 0px 10px; padding: 0px; border: 0px; font: inherit; vertical-align: baseline; display: flex; position: relative;\"><span style=\"box-sizing: border-box; margin: 0px; padding: 0px; border: 0px; font: inherit; vertical-align: baseline; transition: all 0.3s ease 0s; -webkit-box-flex: 0; flex: 0 0 165px; display: inline-block;\">Quantity Per Case</span>100ml</li>\r\n<li style=\"box-sizing: border-box; margin: 0px 0px 10px; padding: 0px; border: 0px; font: inherit; vertical-align: baseline; display: flex; position: relative;\"><span style=\"box-sizing: border-box; margin: 0px; padding: 0px; border: 0px; font: inherit; vertical-align: baseline; transition: all 0.3s ease 0s; -webkit-box-flex: 0; flex: 0 0 165px; display: inline-block;\">Ethyl Alcohol</span>70%</li>\r\n<li style=\"box-sizing: border-box; margin: 0px; padding: 0px; border: 0px; font: inherit; vertical-align: baseline; display: flex; position: relative;\"><span style=\"box-sizing: border-box; margin: 0px; padding: 0px; border: 0px; font: inherit; vertical-align: baseline; transition: all 0.3s ease 0s; -webkit-box-flex: 0; flex: 0 0 165px; display: inline-block;\">Piece In One</span>Carton</li>\r\n</ul>\r\n<hr class=\"wp-block-separator is-style-dots\" style=\"box-sizing: content-box; height: 1px; overflow: visible; margin: 1rem 0px; color: #7e7e7e; border-top: 0px; border-right-style: initial; border-bottom-style: initial; border-left-style: initial; border-right-color: initial; border-bottom-color: initial; border-left-color: initial; border-image: initial; opacity: 0.25; font-family: Lato, sans-serif; font-size: 14px;\" />\r\n<p style=\"box-sizing: border-box; margin: 0px 0px 5px; padding: 0px; border: 0px; font-variant-numeric: inherit; font-variant-east-asian: inherit; font-stretch: inherit; font-size: 1rem; line-height: 24px; font-family: Lato, sans-serif; vertical-align: baseline; color: #7e7e7e; background-color: #ffffff;\">Laconic overheard dear woodchuck wow this outrageously taut beaver hey hello far meadowlark imitatively egregiously hugged that yikes minimally unanimous pouted flirtatiously as beaver beheld above forward energetic across this jeepers beneficently cockily less a the raucously that magic upheld far so the this where crud then below after jeez enchanting drunkenly more much wow callously irrespective limpet.</p>\r\n<h4 class=\"mt-30\" style=\"box-sizing: border-box; line-height: 1.2; font-size: 24px; padding: 0px; border: 0px; font-variant-numeric: inherit; font-variant-east-asian: inherit; font-stretch: inherit; font-family: Quicksand, sans-serif; vertical-align: baseline; transition: all 0.3s ease 0s; color: #253d4e; background-color: #ffffff; margin: 30px !important 0px 0px 0px;\">Packaging &amp; Delivery</h4>\r\n<hr class=\"wp-block-separator is-style-wide\" style=\"box-sizing: content-box; height: 1px; overflow: visible; margin: 1rem 0px; color: #7e7e7e; border-top: 0px; border-right-style: initial; border-bottom-style: initial; border-left-style: initial; border-right-color: initial; border-bottom-color: initial; border-left-color: initial; border-image: initial; opacity: 0.25; font-family: Lato, sans-serif; font-size: 14px;\" />\r\n<p style=\"box-sizing: border-box; margin: 0px 0px 5px; padding: 0px; border: 0px; font-variant-numeric: inherit; font-variant-east-asian: inherit; font-stretch: inherit; font-size: 1rem; line-height: 24px; font-family: Lato, sans-serif; vertical-align: baseline; color: #7e7e7e; background-color: #ffffff;\">Less lion goodness that euphemistically robin expeditiously bluebird smugly scratched far while thus cackled sheepishly rigid after due one assenting regarding censorious while occasional or this more crane went more as this less much amid overhung anathematic because much held one exuberantly sheep goodness so where rat wry well concomitantly.</p>\r\n<p style=\"box-sizing: border-box; margin: 0px 0px 5px; padding: 0px; border: 0px; font-variant-numeric: inherit; font-variant-east-asian: inherit; font-stretch: inherit; font-size: 1rem; line-height: 24px; font-family: Lato, sans-serif; vertical-align: baseline; color: #7e7e7e; background-color: #ffffff;\">Scallop or far crud plain remarkably far by thus far iguana lewd precociously and and less rattlesnake contrary caustic wow this near alas and next and pled the yikes articulate about as less cackled dalmatian in much less well jeering for the thanks blindly sentimental whimpered less across objectively fanciful grimaced wildly some wow and rose jeepers outgrew lugubrious luridly irrationally attractively dachshund.</p>', 'upload/products/thambnail/1740391171768623.webp', '14', 1, 1, 1, NULL, 1, '2022-08-06 00:12:54', '2022-08-06 00:12:54'),
(22, 4, 3, 5, 'FurnitureKraft Nancy Metal Double', 'furniturekraft-nancy-metal-double', '3453451', '400', 'new product,top product', 'Small,Midium,Large', 'Red,Blue,Black', '360', '300', 'Lorem ipsum dolor, sit amet consectetur adipisicing elit. Aliquam rem officia, corrupti reiciendis minima nisi modi, quasi, odio minus dolore impedit fuga eum eligendi.', '<p style=\"box-sizing: border-box; margin: 0px 0px 5px; padding: 0px; border: 0px; font-variant-numeric: inherit; font-variant-east-asian: inherit; font-stretch: inherit; font-size: 1rem; line-height: 24px; font-family: Lato, sans-serif; vertical-align: baseline; color: #7e7e7e; background-color: #ffffff;\">Uninhibited carnally hired played in whimpered dear gorilla koala depending and much yikes off far quetzal goodness and from for grimaced goodness unaccountably and meadowlark near unblushingly crucial scallop tightly neurotic hungrily some and dear furiously this apart.</p>\r\n<p style=\"box-sizing: border-box; margin: 0px 0px 5px; padding: 0px; border: 0px; font-variant-numeric: inherit; font-variant-east-asian: inherit; font-stretch: inherit; font-size: 1rem; line-height: 24px; font-family: Lato, sans-serif; vertical-align: baseline; color: #7e7e7e; background-color: #ffffff;\">Spluttered narrowly yikes left moth in yikes bowed this that grizzly much hello on spoon-fed that alas rethought much decently richly and wow against the frequent fluidly at formidable acceptably flapped besides and much circa far over the bucolically hey precarious goldfinch mastodon goodness gnashed a jellyfish and one however because.</p>\r\n<ul class=\"product-more-infor mt-30\" style=\"box-sizing: border-box; padding: 0px 0px 0px 14px; border: 0px; font-variant-numeric: inherit; font-variant-east-asian: inherit; font-stretch: inherit; font-size: 14px; line-height: inherit; font-family: Lato, sans-serif; vertical-align: baseline; list-style: none; color: #7e7e7e; background-color: #ffffff; margin: 30px !important 0px 0px 0px;\">\r\n<li style=\"box-sizing: border-box; margin: 0px 0px 10px; padding: 0px; border: 0px; font: inherit; vertical-align: baseline; display: flex; position: relative;\"><span style=\"box-sizing: border-box; margin: 0px; padding: 0px; border: 0px; font: inherit; vertical-align: baseline; transition: all 0.3s ease 0s; -webkit-box-flex: 0; flex: 0 0 165px; display: inline-block;\">Type Of Packing</span>Bottle</li>\r\n<li style=\"box-sizing: border-box; margin: 0px 0px 10px; padding: 0px; border: 0px; font: inherit; vertical-align: baseline; display: flex; position: relative;\"><span style=\"box-sizing: border-box; margin: 0px; padding: 0px; border: 0px; font: inherit; vertical-align: baseline; transition: all 0.3s ease 0s; -webkit-box-flex: 0; flex: 0 0 165px; display: inline-block;\">Color</span>Green, Pink, Powder Blue, Purple</li>\r\n<li style=\"box-sizing: border-box; margin: 0px 0px 10px; padding: 0px; border: 0px; font: inherit; vertical-align: baseline; display: flex; position: relative;\"><span style=\"box-sizing: border-box; margin: 0px; padding: 0px; border: 0px; font: inherit; vertical-align: baseline; transition: all 0.3s ease 0s; -webkit-box-flex: 0; flex: 0 0 165px; display: inline-block;\">Quantity Per Case</span>100ml</li>\r\n<li style=\"box-sizing: border-box; margin: 0px 0px 10px; padding: 0px; border: 0px; font: inherit; vertical-align: baseline; display: flex; position: relative;\"><span style=\"box-sizing: border-box; margin: 0px; padding: 0px; border: 0px; font: inherit; vertical-align: baseline; transition: all 0.3s ease 0s; -webkit-box-flex: 0; flex: 0 0 165px; display: inline-block;\">Ethyl Alcohol</span>70%</li>\r\n<li style=\"box-sizing: border-box; margin: 0px; padding: 0px; border: 0px; font: inherit; vertical-align: baseline; display: flex; position: relative;\"><span style=\"box-sizing: border-box; margin: 0px; padding: 0px; border: 0px; font: inherit; vertical-align: baseline; transition: all 0.3s ease 0s; -webkit-box-flex: 0; flex: 0 0 165px; display: inline-block;\">Piece In One</span>Carton</li>\r\n</ul>\r\n<hr class=\"wp-block-separator is-style-dots\" style=\"box-sizing: content-box; height: 1px; overflow: visible; margin: 1rem 0px; color: #7e7e7e; border-top: 0px; border-right-style: initial; border-bottom-style: initial; border-left-style: initial; border-right-color: initial; border-bottom-color: initial; border-left-color: initial; border-image: initial; opacity: 0.25; font-family: Lato, sans-serif; font-size: 14px;\" />\r\n<p style=\"box-sizing: border-box; margin: 0px 0px 5px; padding: 0px; border: 0px; font-variant-numeric: inherit; font-variant-east-asian: inherit; font-stretch: inherit; font-size: 1rem; line-height: 24px; font-family: Lato, sans-serif; vertical-align: baseline; color: #7e7e7e; background-color: #ffffff;\">Laconic overheard dear woodchuck wow this outrageously taut beaver hey hello far meadowlark imitatively egregiously hugged that yikes minimally unanimous pouted flirtatiously as beaver beheld above forward energetic across this jeepers beneficently cockily less a the raucously that magic upheld far so the this where crud then below after jeez enchanting drunkenly more much wow callously irrespective limpet.</p>\r\n<h4 class=\"mt-30\" style=\"box-sizing: border-box; line-height: 1.2; font-size: 24px; padding: 0px; border: 0px; font-variant-numeric: inherit; font-variant-east-asian: inherit; font-stretch: inherit; font-family: Quicksand, sans-serif; vertical-align: baseline; transition: all 0.3s ease 0s; color: #253d4e; background-color: #ffffff; margin: 30px !important 0px 0px 0px;\">Packaging &amp; Delivery</h4>\r\n<hr class=\"wp-block-separator is-style-wide\" style=\"box-sizing: content-box; height: 1px; overflow: visible; margin: 1rem 0px; color: #7e7e7e; border-top: 0px; border-right-style: initial; border-bottom-style: initial; border-left-style: initial; border-right-color: initial; border-bottom-color: initial; border-left-color: initial; border-image: initial; opacity: 0.25; font-family: Lato, sans-serif; font-size: 14px;\" />\r\n<p style=\"box-sizing: border-box; margin: 0px 0px 5px; padding: 0px; border: 0px; font-variant-numeric: inherit; font-variant-east-asian: inherit; font-stretch: inherit; font-size: 1rem; line-height: 24px; font-family: Lato, sans-serif; vertical-align: baseline; color: #7e7e7e; background-color: #ffffff;\">Less lion goodness that euphemistically robin expeditiously bluebird smugly scratched far while thus cackled sheepishly rigid after due one assenting regarding censorious while occasional or this more crane went more as this less much amid overhung anathematic because much held one exuberantly sheep goodness so where rat wry well concomitantly.</p>\r\n<p style=\"box-sizing: border-box; margin: 0px 0px 5px; padding: 0px; border: 0px; font-variant-numeric: inherit; font-variant-east-asian: inherit; font-stretch: inherit; font-size: 1rem; line-height: 24px; font-family: Lato, sans-serif; vertical-align: baseline; color: #7e7e7e; background-color: #ffffff;\">Scallop or far crud plain remarkably far by thus far iguana lewd precociously and and less rattlesnake contrary caustic wow this near alas and next and pled the yikes articulate about as less cackled dalmatian in much less well jeering for the thanks blindly sentimental whimpered less across objectively fanciful grimaced wildly some wow and rose jeepers outgrew lugubrious luridly irrationally attractively dachshund.</p>', 'upload/products/thambnail/1740391379244561.webp', NULL, 1, 1, 1, 1, 1, '2022-08-06 18:17:51', '2022-08-06 18:17:51');
INSERT INTO `products` (`id`, `brand_id`, `category_id`, `subcategory_id`, `product_name`, `product_slug`, `product_code`, `product_qty`, `product_tags`, `product_size`, `product_color`, `selling_price`, `discount_price`, `short_descp`, `long_descp`, `product_thambnail`, `vendor_id`, `hot_deals`, `featured`, `special_offer`, `special_deals`, `status`, `created_at`, `updated_at`) VALUES
(23, 3, 3, 5, 'FURINNO Solid Wood King Box Bed', 'furinno-solid-wood-king-box-bed', '3453451', '400', 'new product,top product', 'Small,Midium,Large', 'Red,Blue,Black', '1200', '1000', 'Lorem ipsum dolor, sit amet consectetur adipisicing elit. Aliquam rem officia, corrupti reiciendis minima nisi modi, quasi, odio minus dolore impedit fuga eum eligendi.', '<p style=\"box-sizing: border-box; margin: 0px 0px 5px; padding: 0px; border: 0px; font-variant-numeric: inherit; font-variant-east-asian: inherit; font-stretch: inherit; font-size: 1rem; line-height: 24px; font-family: Lato, sans-serif; vertical-align: baseline; color: #7e7e7e; background-color: #ffffff;\">Uninhibited carnally hired played in whimpered dear gorilla koala depending and much yikes off far quetzal goodness and from for grimaced goodness unaccountably and meadowlark near unblushingly crucial scallop tightly neurotic hungrily some and dear furiously this apart.</p>\r\n<p style=\"box-sizing: border-box; margin: 0px 0px 5px; padding: 0px; border: 0px; font-variant-numeric: inherit; font-variant-east-asian: inherit; font-stretch: inherit; font-size: 1rem; line-height: 24px; font-family: Lato, sans-serif; vertical-align: baseline; color: #7e7e7e; background-color: #ffffff;\">Spluttered narrowly yikes left moth in yikes bowed this that grizzly much hello on spoon-fed that alas rethought much decently richly and wow against the frequent fluidly at formidable acceptably flapped besides and much circa far over the bucolically hey precarious goldfinch mastodon goodness gnashed a jellyfish and one however because.</p>\r\n<ul class=\"product-more-infor mt-30\" style=\"box-sizing: border-box; padding: 0px 0px 0px 14px; border: 0px; font-variant-numeric: inherit; font-variant-east-asian: inherit; font-stretch: inherit; font-size: 14px; line-height: inherit; font-family: Lato, sans-serif; vertical-align: baseline; list-style: none; color: #7e7e7e; background-color: #ffffff; margin: 30px !important 0px 0px 0px;\">\r\n<li style=\"box-sizing: border-box; margin: 0px 0px 10px; padding: 0px; border: 0px; font: inherit; vertical-align: baseline; display: flex; position: relative;\"><span style=\"box-sizing: border-box; margin: 0px; padding: 0px; border: 0px; font: inherit; vertical-align: baseline; transition: all 0.3s ease 0s; -webkit-box-flex: 0; flex: 0 0 165px; display: inline-block;\">Type Of Packing</span>Bottle</li>\r\n<li style=\"box-sizing: border-box; margin: 0px 0px 10px; padding: 0px; border: 0px; font: inherit; vertical-align: baseline; display: flex; position: relative;\"><span style=\"box-sizing: border-box; margin: 0px; padding: 0px; border: 0px; font: inherit; vertical-align: baseline; transition: all 0.3s ease 0s; -webkit-box-flex: 0; flex: 0 0 165px; display: inline-block;\">Color</span>Green, Pink, Powder Blue, Purple</li>\r\n<li style=\"box-sizing: border-box; margin: 0px 0px 10px; padding: 0px; border: 0px; font: inherit; vertical-align: baseline; display: flex; position: relative;\"><span style=\"box-sizing: border-box; margin: 0px; padding: 0px; border: 0px; font: inherit; vertical-align: baseline; transition: all 0.3s ease 0s; -webkit-box-flex: 0; flex: 0 0 165px; display: inline-block;\">Quantity Per Case</span>100ml</li>\r\n<li style=\"box-sizing: border-box; margin: 0px 0px 10px; padding: 0px; border: 0px; font: inherit; vertical-align: baseline; display: flex; position: relative;\"><span style=\"box-sizing: border-box; margin: 0px; padding: 0px; border: 0px; font: inherit; vertical-align: baseline; transition: all 0.3s ease 0s; -webkit-box-flex: 0; flex: 0 0 165px; display: inline-block;\">Ethyl Alcohol</span>70%</li>\r\n<li style=\"box-sizing: border-box; margin: 0px; padding: 0px; border: 0px; font: inherit; vertical-align: baseline; display: flex; position: relative;\"><span style=\"box-sizing: border-box; margin: 0px; padding: 0px; border: 0px; font: inherit; vertical-align: baseline; transition: all 0.3s ease 0s; -webkit-box-flex: 0; flex: 0 0 165px; display: inline-block;\">Piece In One</span>Carton</li>\r\n</ul>\r\n<hr class=\"wp-block-separator is-style-dots\" style=\"box-sizing: content-box; height: 1px; overflow: visible; margin: 1rem 0px; color: #7e7e7e; border-top: 0px; border-right-style: initial; border-bottom-style: initial; border-left-style: initial; border-right-color: initial; border-bottom-color: initial; border-left-color: initial; border-image: initial; opacity: 0.25; font-family: Lato, sans-serif; font-size: 14px;\" />\r\n<p style=\"box-sizing: border-box; margin: 0px 0px 5px; padding: 0px; border: 0px; font-variant-numeric: inherit; font-variant-east-asian: inherit; font-stretch: inherit; font-size: 1rem; line-height: 24px; font-family: Lato, sans-serif; vertical-align: baseline; color: #7e7e7e; background-color: #ffffff;\">Laconic overheard dear woodchuck wow this outrageously taut beaver hey hello far meadowlark imitatively egregiously hugged that yikes minimally unanimous pouted flirtatiously as beaver beheld above forward energetic across this jeepers beneficently cockily less a the raucously that magic upheld far so the this where crud then below after jeez enchanting drunkenly more much wow callously irrespective limpet.</p>\r\n<h4 class=\"mt-30\" style=\"box-sizing: border-box; line-height: 1.2; font-size: 24px; padding: 0px; border: 0px; font-variant-numeric: inherit; font-variant-east-asian: inherit; font-stretch: inherit; font-family: Quicksand, sans-serif; vertical-align: baseline; transition: all 0.3s ease 0s; color: #253d4e; background-color: #ffffff; margin: 30px !important 0px 0px 0px;\">Packaging &amp; Delivery</h4>\r\n<hr class=\"wp-block-separator is-style-wide\" style=\"box-sizing: content-box; height: 1px; overflow: visible; margin: 1rem 0px; color: #7e7e7e; border-top: 0px; border-right-style: initial; border-bottom-style: initial; border-left-style: initial; border-right-color: initial; border-bottom-color: initial; border-left-color: initial; border-image: initial; opacity: 0.25; font-family: Lato, sans-serif; font-size: 14px;\" />\r\n<p style=\"box-sizing: border-box; margin: 0px 0px 5px; padding: 0px; border: 0px; font-variant-numeric: inherit; font-variant-east-asian: inherit; font-stretch: inherit; font-size: 1rem; line-height: 24px; font-family: Lato, sans-serif; vertical-align: baseline; color: #7e7e7e; background-color: #ffffff;\">Less lion goodness that euphemistically robin expeditiously bluebird smugly scratched far while thus cackled sheepishly rigid after due one assenting regarding censorious while occasional or this more crane went more as this less much amid overhung anathematic because much held one exuberantly sheep goodness so where rat wry well concomitantly.</p>\r\n<p style=\"box-sizing: border-box; margin: 0px 0px 5px; padding: 0px; border: 0px; font-variant-numeric: inherit; font-variant-east-asian: inherit; font-stretch: inherit; font-size: 1rem; line-height: 24px; font-family: Lato, sans-serif; vertical-align: baseline; color: #7e7e7e; background-color: #ffffff;\">Scallop or far crud plain remarkably far by thus far iguana lewd precociously and and less rattlesnake contrary caustic wow this near alas and next and pled the yikes articulate about as less cackled dalmatian in much less well jeering for the thanks blindly sentimental whimpered less across objectively fanciful grimaced wildly some wow and rose jeepers outgrew lugubrious luridly irrationally attractively dachshund.</p>', 'upload/products/thambnail/1740391448274795.webp', NULL, 1, 1, 1, NULL, 1, '2022-08-06 00:17:05', NULL),
(24, 2, 9, 15, 'Infinix HOT 12 Play', 'infinix-hot-12-play', '343434', '400', 'new product,top product', NULL, NULL, '800', '500', 'Lorem ipsum dolor, sit amet consectetur adipisicing elit. Aliquam rem officia, corrupti reiciendis minima nisi modi, quasi, odio minus dolore impedit fuga eum eligendi.', '<p style=\"box-sizing: border-box; margin: 0px 0px 5px; padding: 0px; border: 0px; font-variant-numeric: inherit; font-variant-east-asian: inherit; font-stretch: inherit; font-size: 1rem; line-height: 24px; font-family: Lato, sans-serif; vertical-align: baseline; color: #7e7e7e; background-color: #ffffff;\">Uninhibited carnally hired played in whimpered dear gorilla koala depending and much yikes off far quetzal goodness and from for grimaced goodness unaccountably and meadowlark near unblushingly crucial scallop tightly neurotic hungrily some and dear furiously this apart.</p>\r\n<p style=\"box-sizing: border-box; margin: 0px 0px 5px; padding: 0px; border: 0px; font-variant-numeric: inherit; font-variant-east-asian: inherit; font-stretch: inherit; font-size: 1rem; line-height: 24px; font-family: Lato, sans-serif; vertical-align: baseline; color: #7e7e7e; background-color: #ffffff;\">Spluttered narrowly yikes left moth in yikes bowed this that grizzly much hello on spoon-fed that alas rethought much decently richly and wow against the frequent fluidly at formidable acceptably flapped besides and much circa far over the bucolically hey precarious goldfinch mastodon goodness gnashed a jellyfish and one however because.</p>\r\n<ul class=\"product-more-infor mt-30\" style=\"box-sizing: border-box; padding: 0px 0px 0px 14px; border: 0px; font-variant-numeric: inherit; font-variant-east-asian: inherit; font-stretch: inherit; font-size: 14px; line-height: inherit; font-family: Lato, sans-serif; vertical-align: baseline; list-style: none; color: #7e7e7e; background-color: #ffffff; margin: 30px !important 0px 0px 0px;\">\r\n<li style=\"box-sizing: border-box; margin: 0px 0px 10px; padding: 0px; border: 0px; font: inherit; vertical-align: baseline; display: flex; position: relative;\"><span style=\"box-sizing: border-box; margin: 0px; padding: 0px; border: 0px; font: inherit; vertical-align: baseline; transition: all 0.3s ease 0s; -webkit-box-flex: 0; flex: 0 0 165px; display: inline-block;\">Type Of Packing</span>Bottle</li>\r\n<li style=\"box-sizing: border-box; margin: 0px 0px 10px; padding: 0px; border: 0px; font: inherit; vertical-align: baseline; display: flex; position: relative;\"><span style=\"box-sizing: border-box; margin: 0px; padding: 0px; border: 0px; font: inherit; vertical-align: baseline; transition: all 0.3s ease 0s; -webkit-box-flex: 0; flex: 0 0 165px; display: inline-block;\">Color</span>Green, Pink, Powder Blue, Purple</li>\r\n<li style=\"box-sizing: border-box; margin: 0px 0px 10px; padding: 0px; border: 0px; font: inherit; vertical-align: baseline; display: flex; position: relative;\"><span style=\"box-sizing: border-box; margin: 0px; padding: 0px; border: 0px; font: inherit; vertical-align: baseline; transition: all 0.3s ease 0s; -webkit-box-flex: 0; flex: 0 0 165px; display: inline-block;\">Quantity Per Case</span>100ml</li>\r\n<li style=\"box-sizing: border-box; margin: 0px 0px 10px; padding: 0px; border: 0px; font: inherit; vertical-align: baseline; display: flex; position: relative;\"><span style=\"box-sizing: border-box; margin: 0px; padding: 0px; border: 0px; font: inherit; vertical-align: baseline; transition: all 0.3s ease 0s; -webkit-box-flex: 0; flex: 0 0 165px; display: inline-block;\">Ethyl Alcohol</span>70%</li>\r\n<li style=\"box-sizing: border-box; margin: 0px; padding: 0px; border: 0px; font: inherit; vertical-align: baseline; display: flex; position: relative;\"><span style=\"box-sizing: border-box; margin: 0px; padding: 0px; border: 0px; font: inherit; vertical-align: baseline; transition: all 0.3s ease 0s; -webkit-box-flex: 0; flex: 0 0 165px; display: inline-block;\">Piece In One</span>Carton</li>\r\n</ul>\r\n<hr class=\"wp-block-separator is-style-dots\" style=\"box-sizing: content-box; height: 1px; overflow: visible; margin: 1rem 0px; color: #7e7e7e; border-top: 0px; border-right-style: initial; border-bottom-style: initial; border-left-style: initial; border-right-color: initial; border-bottom-color: initial; border-left-color: initial; border-image: initial; opacity: 0.25; font-family: Lato, sans-serif; font-size: 14px;\" />\r\n<p style=\"box-sizing: border-box; margin: 0px 0px 5px; padding: 0px; border: 0px; font-variant-numeric: inherit; font-variant-east-asian: inherit; font-stretch: inherit; font-size: 1rem; line-height: 24px; font-family: Lato, sans-serif; vertical-align: baseline; color: #7e7e7e; background-color: #ffffff;\">Laconic overheard dear woodchuck wow this outrageously taut beaver hey hello far meadowlark imitatively egregiously hugged that yikes minimally unanimous pouted flirtatiously as beaver beheld above forward energetic across this jeepers beneficently cockily less a the raucously that magic upheld far so the this where crud then below after jeez enchanting drunkenly more much wow callously irrespective limpet.</p>\r\n<h4 class=\"mt-30\" style=\"box-sizing: border-box; line-height: 1.2; font-size: 24px; padding: 0px; border: 0px; font-variant-numeric: inherit; font-variant-east-asian: inherit; font-stretch: inherit; font-family: Quicksand, sans-serif; vertical-align: baseline; transition: all 0.3s ease 0s; color: #253d4e; background-color: #ffffff; margin: 30px !important 0px 0px 0px;\">Packaging &amp; Delivery</h4>\r\n<hr class=\"wp-block-separator is-style-wide\" style=\"box-sizing: content-box; height: 1px; overflow: visible; margin: 1rem 0px; color: #7e7e7e; border-top: 0px; border-right-style: initial; border-bottom-style: initial; border-left-style: initial; border-right-color: initial; border-bottom-color: initial; border-left-color: initial; border-image: initial; opacity: 0.25; font-family: Lato, sans-serif; font-size: 14px;\" />\r\n<p style=\"box-sizing: border-box; margin: 0px 0px 5px; padding: 0px; border: 0px; font-variant-numeric: inherit; font-variant-east-asian: inherit; font-stretch: inherit; font-size: 1rem; line-height: 24px; font-family: Lato, sans-serif; vertical-align: baseline; color: #7e7e7e; background-color: #ffffff;\">Less lion goodness that euphemistically robin expeditiously bluebird smugly scratched far while thus cackled sheepishly rigid after due one assenting regarding censorious while occasional or this more crane went more as this less much amid overhung anathematic because much held one exuberantly sheep goodness so where rat wry well concomitantly.</p>\r\n<p style=\"box-sizing: border-box; margin: 0px 0px 5px; padding: 0px; border: 0px; font-variant-numeric: inherit; font-variant-east-asian: inherit; font-stretch: inherit; font-size: 1rem; line-height: 24px; font-family: Lato, sans-serif; vertical-align: baseline; color: #7e7e7e; background-color: #ffffff;\">Scallop or far crud plain remarkably far by thus far iguana lewd precociously and and less rattlesnake contrary caustic wow this near alas and next and pled the yikes articulate about as less cackled dalmatian in much less well jeering for the thanks blindly sentimental whimpered less across objectively fanciful grimaced wildly some wow and rose jeepers outgrew lugubrious luridly irrationally attractively dachshund.</p>', 'upload/products/thambnail/1740391723890141.webp', '15', 1, 1, 1, 1, 1, '2022-08-06 00:21:27', NULL),
(25, 2, 9, 14, 'SAMSUNG Galaxy F22', 'samsung-galaxy-f22', '453453', '201', 'new product,top product', NULL, NULL, '1200', '1000', 'Lorem ipsum dolor, sit amet consectetur adipisicing elit. Aliquam rem officia, corrupti reiciendis minima nisi modi, quasi, odio minus dolore impedit fuga eum eligendi.', '<p style=\"box-sizing: border-box; margin: 0px 0px 5px; padding: 0px; border: 0px; font-variant-numeric: inherit; font-variant-east-asian: inherit; font-stretch: inherit; font-size: 1rem; line-height: 24px; font-family: Lato, sans-serif; vertical-align: baseline; color: #7e7e7e; background-color: #ffffff;\">Uninhibited carnally hired played in whimpered dear gorilla koala depending and much yikes off far quetzal goodness and from for grimaced goodness unaccountably and meadowlark near unblushingly crucial scallop tightly neurotic hungrily some and dear furiously this apart.</p>\r\n<p style=\"box-sizing: border-box; margin: 0px 0px 5px; padding: 0px; border: 0px; font-variant-numeric: inherit; font-variant-east-asian: inherit; font-stretch: inherit; font-size: 1rem; line-height: 24px; font-family: Lato, sans-serif; vertical-align: baseline; color: #7e7e7e; background-color: #ffffff;\">Spluttered narrowly yikes left moth in yikes bowed this that grizzly much hello on spoon-fed that alas rethought much decently richly and wow against the frequent fluidly at formidable acceptably flapped besides and much circa far over the bucolically hey precarious goldfinch mastodon goodness gnashed a jellyfish and one however because.</p>\r\n<ul class=\"product-more-infor mt-30\" style=\"box-sizing: border-box; padding: 0px 0px 0px 14px; border: 0px; font-variant-numeric: inherit; font-variant-east-asian: inherit; font-stretch: inherit; font-size: 14px; line-height: inherit; font-family: Lato, sans-serif; vertical-align: baseline; list-style: none; color: #7e7e7e; background-color: #ffffff; margin: 30px !important 0px 0px 0px;\">\r\n<li style=\"box-sizing: border-box; margin: 0px 0px 10px; padding: 0px; border: 0px; font: inherit; vertical-align: baseline; display: flex; position: relative;\"><span style=\"box-sizing: border-box; margin: 0px; padding: 0px; border: 0px; font: inherit; vertical-align: baseline; transition: all 0.3s ease 0s; -webkit-box-flex: 0; flex: 0 0 165px; display: inline-block;\">Type Of Packing</span>Bottle</li>\r\n<li style=\"box-sizing: border-box; margin: 0px 0px 10px; padding: 0px; border: 0px; font: inherit; vertical-align: baseline; display: flex; position: relative;\"><span style=\"box-sizing: border-box; margin: 0px; padding: 0px; border: 0px; font: inherit; vertical-align: baseline; transition: all 0.3s ease 0s; -webkit-box-flex: 0; flex: 0 0 165px; display: inline-block;\">Color</span>Green, Pink, Powder Blue, Purple</li>\r\n<li style=\"box-sizing: border-box; margin: 0px 0px 10px; padding: 0px; border: 0px; font: inherit; vertical-align: baseline; display: flex; position: relative;\"><span style=\"box-sizing: border-box; margin: 0px; padding: 0px; border: 0px; font: inherit; vertical-align: baseline; transition: all 0.3s ease 0s; -webkit-box-flex: 0; flex: 0 0 165px; display: inline-block;\">Quantity Per Case</span>100ml</li>\r\n<li style=\"box-sizing: border-box; margin: 0px 0px 10px; padding: 0px; border: 0px; font: inherit; vertical-align: baseline; display: flex; position: relative;\"><span style=\"box-sizing: border-box; margin: 0px; padding: 0px; border: 0px; font: inherit; vertical-align: baseline; transition: all 0.3s ease 0s; -webkit-box-flex: 0; flex: 0 0 165px; display: inline-block;\">Ethyl Alcohol</span>70%</li>\r\n<li style=\"box-sizing: border-box; margin: 0px; padding: 0px; border: 0px; font: inherit; vertical-align: baseline; display: flex; position: relative;\"><span style=\"box-sizing: border-box; margin: 0px; padding: 0px; border: 0px; font: inherit; vertical-align: baseline; transition: all 0.3s ease 0s; -webkit-box-flex: 0; flex: 0 0 165px; display: inline-block;\">Piece In One</span>Carton</li>\r\n</ul>\r\n<hr class=\"wp-block-separator is-style-dots\" style=\"box-sizing: content-box; height: 1px; overflow: visible; margin: 1rem 0px; color: #7e7e7e; border-top: 0px; border-right-style: initial; border-bottom-style: initial; border-left-style: initial; border-right-color: initial; border-bottom-color: initial; border-left-color: initial; border-image: initial; opacity: 0.25; font-family: Lato, sans-serif; font-size: 14px;\" />\r\n<p style=\"box-sizing: border-box; margin: 0px 0px 5px; padding: 0px; border: 0px; font-variant-numeric: inherit; font-variant-east-asian: inherit; font-stretch: inherit; font-size: 1rem; line-height: 24px; font-family: Lato, sans-serif; vertical-align: baseline; color: #7e7e7e; background-color: #ffffff;\">Laconic overheard dear woodchuck wow this outrageously taut beaver hey hello far meadowlark imitatively egregiously hugged that yikes minimally unanimous pouted flirtatiously as beaver beheld above forward energetic across this jeepers beneficently cockily less a the raucously that magic upheld far so the this where crud then below after jeez enchanting drunkenly more much wow callously irrespective limpet.</p>\r\n<h4 class=\"mt-30\" style=\"box-sizing: border-box; line-height: 1.2; font-size: 24px; padding: 0px; border: 0px; font-variant-numeric: inherit; font-variant-east-asian: inherit; font-stretch: inherit; font-family: Quicksand, sans-serif; vertical-align: baseline; transition: all 0.3s ease 0s; color: #253d4e; background-color: #ffffff; margin: 30px !important 0px 0px 0px;\">Packaging &amp; Delivery</h4>\r\n<hr class=\"wp-block-separator is-style-wide\" style=\"box-sizing: content-box; height: 1px; overflow: visible; margin: 1rem 0px; color: #7e7e7e; border-top: 0px; border-right-style: initial; border-bottom-style: initial; border-left-style: initial; border-right-color: initial; border-bottom-color: initial; border-left-color: initial; border-image: initial; opacity: 0.25; font-family: Lato, sans-serif; font-size: 14px;\" />\r\n<p style=\"box-sizing: border-box; margin: 0px 0px 5px; padding: 0px; border: 0px; font-variant-numeric: inherit; font-variant-east-asian: inherit; font-stretch: inherit; font-size: 1rem; line-height: 24px; font-family: Lato, sans-serif; vertical-align: baseline; color: #7e7e7e; background-color: #ffffff;\">Less lion goodness that euphemistically robin expeditiously bluebird smugly scratched far while thus cackled sheepishly rigid after due one assenting regarding censorious while occasional or this more crane went more as this less much amid overhung anathematic because much held one exuberantly sheep goodness so where rat wry well concomitantly.</p>\r\n<p style=\"box-sizing: border-box; margin: 0px 0px 5px; padding: 0px; border: 0px; font-variant-numeric: inherit; font-variant-east-asian: inherit; font-stretch: inherit; font-size: 1rem; line-height: 24px; font-family: Lato, sans-serif; vertical-align: baseline; color: #7e7e7e; background-color: #ffffff;\">Scallop or far crud plain remarkably far by thus far iguana lewd precociously and and less rattlesnake contrary caustic wow this near alas and next and pled the yikes articulate about as less cackled dalmatian in much less well jeering for the thanks blindly sentimental whimpered less across objectively fanciful grimaced wildly some wow and rose jeepers outgrew lugubrious luridly irrationally attractively dachshund.</p>', 'upload/products/thambnail/1740391793359745.webp', '15', 1, 1, 1, NULL, 1, '2022-08-06 00:22:34', NULL),
(26, 2, 9, 14, 'SAMSUNG Galaxy F13', 'samsung-galaxy-f13', '234234', '200', 'new product,top product', NULL, NULL, '500', NULL, 'Lorem ipsum dolor, sit amet consectetur adipisicing elit. Aliquam rem officia, corrupti reiciendis minima nisi modi, quasi, odio minus dolore impedit fuga eum eligendi.', '<p style=\"box-sizing: border-box; margin: 0px 0px 5px; padding: 0px; border: 0px; font-variant-numeric: inherit; font-variant-east-asian: inherit; font-stretch: inherit; font-size: 1rem; line-height: 24px; font-family: Lato, sans-serif; vertical-align: baseline; color: #7e7e7e; background-color: #ffffff;\">Uninhibited carnally hired played in whimpered dear gorilla koala depending and much yikes off far quetzal goodness and from for grimaced goodness unaccountably and meadowlark near unblushingly crucial scallop tightly neurotic hungrily some and dear furiously this apart.</p>\r\n<p style=\"box-sizing: border-box; margin: 0px 0px 5px; padding: 0px; border: 0px; font-variant-numeric: inherit; font-variant-east-asian: inherit; font-stretch: inherit; font-size: 1rem; line-height: 24px; font-family: Lato, sans-serif; vertical-align: baseline; color: #7e7e7e; background-color: #ffffff;\">Spluttered narrowly yikes left moth in yikes bowed this that grizzly much hello on spoon-fed that alas rethought much decently richly and wow against the frequent fluidly at formidable acceptably flapped besides and much circa far over the bucolically hey precarious goldfinch mastodon goodness gnashed a jellyfish and one however because.</p>\r\n<ul class=\"product-more-infor mt-30\" style=\"box-sizing: border-box; padding: 0px 0px 0px 14px; border: 0px; font-variant-numeric: inherit; font-variant-east-asian: inherit; font-stretch: inherit; font-size: 14px; line-height: inherit; font-family: Lato, sans-serif; vertical-align: baseline; list-style: none; color: #7e7e7e; background-color: #ffffff; margin: 30px !important 0px 0px 0px;\">\r\n<li style=\"box-sizing: border-box; margin: 0px 0px 10px; padding: 0px; border: 0px; font: inherit; vertical-align: baseline; display: flex; position: relative;\"><span style=\"box-sizing: border-box; margin: 0px; padding: 0px; border: 0px; font: inherit; vertical-align: baseline; transition: all 0.3s ease 0s; -webkit-box-flex: 0; flex: 0 0 165px; display: inline-block;\">Type Of Packing</span>Bottle</li>\r\n<li style=\"box-sizing: border-box; margin: 0px 0px 10px; padding: 0px; border: 0px; font: inherit; vertical-align: baseline; display: flex; position: relative;\"><span style=\"box-sizing: border-box; margin: 0px; padding: 0px; border: 0px; font: inherit; vertical-align: baseline; transition: all 0.3s ease 0s; -webkit-box-flex: 0; flex: 0 0 165px; display: inline-block;\">Color</span>Green, Pink, Powder Blue, Purple</li>\r\n<li style=\"box-sizing: border-box; margin: 0px 0px 10px; padding: 0px; border: 0px; font: inherit; vertical-align: baseline; display: flex; position: relative;\"><span style=\"box-sizing: border-box; margin: 0px; padding: 0px; border: 0px; font: inherit; vertical-align: baseline; transition: all 0.3s ease 0s; -webkit-box-flex: 0; flex: 0 0 165px; display: inline-block;\">Quantity Per Case</span>100ml</li>\r\n<li style=\"box-sizing: border-box; margin: 0px 0px 10px; padding: 0px; border: 0px; font: inherit; vertical-align: baseline; display: flex; position: relative;\"><span style=\"box-sizing: border-box; margin: 0px; padding: 0px; border: 0px; font: inherit; vertical-align: baseline; transition: all 0.3s ease 0s; -webkit-box-flex: 0; flex: 0 0 165px; display: inline-block;\">Ethyl Alcohol</span>70%</li>\r\n<li style=\"box-sizing: border-box; margin: 0px; padding: 0px; border: 0px; font: inherit; vertical-align: baseline; display: flex; position: relative;\"><span style=\"box-sizing: border-box; margin: 0px; padding: 0px; border: 0px; font: inherit; vertical-align: baseline; transition: all 0.3s ease 0s; -webkit-box-flex: 0; flex: 0 0 165px; display: inline-block;\">Piece In One</span>Carton</li>\r\n</ul>\r\n<hr class=\"wp-block-separator is-style-dots\" style=\"box-sizing: content-box; height: 1px; overflow: visible; margin: 1rem 0px; color: #7e7e7e; border-top: 0px; border-right-style: initial; border-bottom-style: initial; border-left-style: initial; border-right-color: initial; border-bottom-color: initial; border-left-color: initial; border-image: initial; opacity: 0.25; font-family: Lato, sans-serif; font-size: 14px;\" />\r\n<p style=\"box-sizing: border-box; margin: 0px 0px 5px; padding: 0px; border: 0px; font-variant-numeric: inherit; font-variant-east-asian: inherit; font-stretch: inherit; font-size: 1rem; line-height: 24px; font-family: Lato, sans-serif; vertical-align: baseline; color: #7e7e7e; background-color: #ffffff;\">Laconic overheard dear woodchuck wow this outrageously taut beaver hey hello far meadowlark imitatively egregiously hugged that yikes minimally unanimous pouted flirtatiously as beaver beheld above forward energetic across this jeepers beneficently cockily less a the raucously that magic upheld far so the this where crud then below after jeez enchanting drunkenly more much wow callously irrespective limpet.</p>\r\n<h4 class=\"mt-30\" style=\"box-sizing: border-box; line-height: 1.2; font-size: 24px; padding: 0px; border: 0px; font-variant-numeric: inherit; font-variant-east-asian: inherit; font-stretch: inherit; font-family: Quicksand, sans-serif; vertical-align: baseline; transition: all 0.3s ease 0s; color: #253d4e; background-color: #ffffff; margin: 30px !important 0px 0px 0px;\">Packaging &amp; Delivery</h4>\r\n<hr class=\"wp-block-separator is-style-wide\" style=\"box-sizing: content-box; height: 1px; overflow: visible; margin: 1rem 0px; color: #7e7e7e; border-top: 0px; border-right-style: initial; border-bottom-style: initial; border-left-style: initial; border-right-color: initial; border-bottom-color: initial; border-left-color: initial; border-image: initial; opacity: 0.25; font-family: Lato, sans-serif; font-size: 14px;\" />\r\n<p style=\"box-sizing: border-box; margin: 0px 0px 5px; padding: 0px; border: 0px; font-variant-numeric: inherit; font-variant-east-asian: inherit; font-stretch: inherit; font-size: 1rem; line-height: 24px; font-family: Lato, sans-serif; vertical-align: baseline; color: #7e7e7e; background-color: #ffffff;\">Less lion goodness that euphemistically robin expeditiously bluebird smugly scratched far while thus cackled sheepishly rigid after due one assenting regarding censorious while occasional or this more crane went more as this less much amid overhung anathematic because much held one exuberantly sheep goodness so where rat wry well concomitantly.</p>\r\n<p style=\"box-sizing: border-box; margin: 0px 0px 5px; padding: 0px; border: 0px; font-variant-numeric: inherit; font-variant-east-asian: inherit; font-stretch: inherit; font-size: 1rem; line-height: 24px; font-family: Lato, sans-serif; vertical-align: baseline; color: #7e7e7e; background-color: #ffffff;\">Scallop or far crud plain remarkably far by thus far iguana lewd precociously and and less rattlesnake contrary caustic wow this near alas and next and pled the yikes articulate about as less cackled dalmatian in much less well jeering for the thanks blindly sentimental whimpered less across objectively fanciful grimaced wildly some wow and rose jeepers outgrew lugubrious luridly irrationally attractively dachshund.</p>', 'upload/products/thambnail/1740391863075855.webp', NULL, 1, 1, 1, 1, 1, '2022-08-06 00:23:40', NULL),
(27, 3, 9, 13, 'APPLE iPhone 13 (Pink, 128 GB', 'apple-iphone-13-(pink,-128-gb', '3223432', '195', 'new product,top product', NULL, NULL, '1200', '1000', 'Lorem ipsum dolor, sit amet consectetur adipisicing elit. Aliquam rem officia, corrupti reiciendis minima nisi modi, quasi, odio minus dolore impedit fuga eum eligendi.', '<p style=\"box-sizing: border-box; margin: 0px 0px 5px; padding: 0px; border: 0px; font-variant-numeric: inherit; font-variant-east-asian: inherit; font-stretch: inherit; font-size: 1rem; line-height: 24px; font-family: Lato, sans-serif; vertical-align: baseline; color: #7e7e7e; background-color: #ffffff;\">Uninhibited carnally hired played in whimpered dear gorilla koala depending and much yikes off far quetzal goodness and from for grimaced goodness unaccountably and meadowlark near unblushingly crucial scallop tightly neurotic hungrily some and dear furiously this apart.</p>\r\n<p style=\"box-sizing: border-box; margin: 0px 0px 5px; padding: 0px; border: 0px; font-variant-numeric: inherit; font-variant-east-asian: inherit; font-stretch: inherit; font-size: 1rem; line-height: 24px; font-family: Lato, sans-serif; vertical-align: baseline; color: #7e7e7e; background-color: #ffffff;\">Spluttered narrowly yikes left moth in yikes bowed this that grizzly much hello on spoon-fed that alas rethought much decently richly and wow against the frequent fluidly at formidable acceptably flapped besides and much circa far over the bucolically hey precarious goldfinch mastodon goodness gnashed a jellyfish and one however because.</p>\r\n<ul class=\"product-more-infor mt-30\" style=\"box-sizing: border-box; padding: 0px 0px 0px 14px; border: 0px; font-variant-numeric: inherit; font-variant-east-asian: inherit; font-stretch: inherit; font-size: 14px; line-height: inherit; font-family: Lato, sans-serif; vertical-align: baseline; list-style: none; color: #7e7e7e; background-color: #ffffff; margin: 30px !important 0px 0px 0px;\">\r\n<li style=\"box-sizing: border-box; margin: 0px 0px 10px; padding: 0px; border: 0px; font: inherit; vertical-align: baseline; display: flex; position: relative;\"><span style=\"box-sizing: border-box; margin: 0px; padding: 0px; border: 0px; font: inherit; vertical-align: baseline; transition: all 0.3s ease 0s; -webkit-box-flex: 0; flex: 0 0 165px; display: inline-block;\">Type Of Packing</span>Bottle</li>\r\n<li style=\"box-sizing: border-box; margin: 0px 0px 10px; padding: 0px; border: 0px; font: inherit; vertical-align: baseline; display: flex; position: relative;\"><span style=\"box-sizing: border-box; margin: 0px; padding: 0px; border: 0px; font: inherit; vertical-align: baseline; transition: all 0.3s ease 0s; -webkit-box-flex: 0; flex: 0 0 165px; display: inline-block;\">Color</span>Green, Pink, Powder Blue, Purple</li>\r\n<li style=\"box-sizing: border-box; margin: 0px 0px 10px; padding: 0px; border: 0px; font: inherit; vertical-align: baseline; display: flex; position: relative;\"><span style=\"box-sizing: border-box; margin: 0px; padding: 0px; border: 0px; font: inherit; vertical-align: baseline; transition: all 0.3s ease 0s; -webkit-box-flex: 0; flex: 0 0 165px; display: inline-block;\">Quantity Per Case</span>100ml</li>\r\n<li style=\"box-sizing: border-box; margin: 0px 0px 10px; padding: 0px; border: 0px; font: inherit; vertical-align: baseline; display: flex; position: relative;\"><span style=\"box-sizing: border-box; margin: 0px; padding: 0px; border: 0px; font: inherit; vertical-align: baseline; transition: all 0.3s ease 0s; -webkit-box-flex: 0; flex: 0 0 165px; display: inline-block;\">Ethyl Alcohol</span>70%</li>\r\n<li style=\"box-sizing: border-box; margin: 0px; padding: 0px; border: 0px; font: inherit; vertical-align: baseline; display: flex; position: relative;\"><span style=\"box-sizing: border-box; margin: 0px; padding: 0px; border: 0px; font: inherit; vertical-align: baseline; transition: all 0.3s ease 0s; -webkit-box-flex: 0; flex: 0 0 165px; display: inline-block;\">Piece In One</span>Carton</li>\r\n</ul>\r\n<hr class=\"wp-block-separator is-style-dots\" style=\"box-sizing: content-box; height: 1px; overflow: visible; margin: 1rem 0px; color: #7e7e7e; border-top: 0px; border-right-style: initial; border-bottom-style: initial; border-left-style: initial; border-right-color: initial; border-bottom-color: initial; border-left-color: initial; border-image: initial; opacity: 0.25; font-family: Lato, sans-serif; font-size: 14px;\" />\r\n<p style=\"box-sizing: border-box; margin: 0px 0px 5px; padding: 0px; border: 0px; font-variant-numeric: inherit; font-variant-east-asian: inherit; font-stretch: inherit; font-size: 1rem; line-height: 24px; font-family: Lato, sans-serif; vertical-align: baseline; color: #7e7e7e; background-color: #ffffff;\">Laconic overheard dear woodchuck wow this outrageously taut beaver hey hello far meadowlark imitatively egregiously hugged that yikes minimally unanimous pouted flirtatiously as beaver beheld above forward energetic across this jeepers beneficently cockily less a the raucously that magic upheld far so the this where crud then below after jeez enchanting drunkenly more much wow callously irrespective limpet.</p>\r\n<h4 class=\"mt-30\" style=\"box-sizing: border-box; line-height: 1.2; font-size: 24px; padding: 0px; border: 0px; font-variant-numeric: inherit; font-variant-east-asian: inherit; font-stretch: inherit; font-family: Quicksand, sans-serif; vertical-align: baseline; transition: all 0.3s ease 0s; color: #253d4e; background-color: #ffffff; margin: 30px !important 0px 0px 0px;\">Packaging &amp; Delivery</h4>\r\n<hr class=\"wp-block-separator is-style-wide\" style=\"box-sizing: content-box; height: 1px; overflow: visible; margin: 1rem 0px; color: #7e7e7e; border-top: 0px; border-right-style: initial; border-bottom-style: initial; border-left-style: initial; border-right-color: initial; border-bottom-color: initial; border-left-color: initial; border-image: initial; opacity: 0.25; font-family: Lato, sans-serif; font-size: 14px;\" />\r\n<p style=\"box-sizing: border-box; margin: 0px 0px 5px; padding: 0px; border: 0px; font-variant-numeric: inherit; font-variant-east-asian: inherit; font-stretch: inherit; font-size: 1rem; line-height: 24px; font-family: Lato, sans-serif; vertical-align: baseline; color: #7e7e7e; background-color: #ffffff;\">Less lion goodness that euphemistically robin expeditiously bluebird smugly scratched far while thus cackled sheepishly rigid after due one assenting regarding censorious while occasional or this more crane went more as this less much amid overhung anathematic because much held one exuberantly sheep goodness so where rat wry well concomitantly.</p>\r\n<p style=\"box-sizing: border-box; margin: 0px 0px 5px; padding: 0px; border: 0px; font-variant-numeric: inherit; font-variant-east-asian: inherit; font-stretch: inherit; font-size: 1rem; line-height: 24px; font-family: Lato, sans-serif; vertical-align: baseline; color: #7e7e7e; background-color: #ffffff;\">Scallop or far crud plain remarkably far by thus far iguana lewd precociously and and less rattlesnake contrary caustic wow this near alas and next and pled the yikes articulate about as less cackled dalmatian in much less well jeering for the thanks blindly sentimental whimpered less across objectively fanciful grimaced wildly some wow and rose jeepers outgrew lugubrious luridly irrationally attractively dachshund.</p>', 'upload/products/thambnail/1740391924552351.webp', NULL, 1, 1, NULL, 1, 1, '2022-08-06 00:24:39', '2022-09-04 03:11:27'),
(28, 2, 9, 13, 'APPLE iPhone 13 (Starlight, 128 GB)', 'apple-iphone-13-(starlight,-128-gb)', '3453451', '400', 'new product,top product', NULL, NULL, '1100', '1000', 'Lorem ipsum dolor, sit amet consectetur adipisicing elit. Aliquam rem officia, corrupti reiciendis minima nisi modi, quasi, odio minus dolore impedit fuga eum eligendi.', '<p style=\"box-sizing: border-box; margin: 0px 0px 5px; padding: 0px; border: 0px; font-variant-numeric: inherit; font-variant-east-asian: inherit; font-stretch: inherit; font-size: 1rem; line-height: 24px; font-family: Lato, sans-serif; vertical-align: baseline; color: #7e7e7e; background-color: #ffffff;\">Uninhibited carnally hired played in whimpered dear gorilla koala depending and much yikes off far quetzal goodness and from for grimaced goodness unaccountably and meadowlark near unblushingly crucial scallop tightly neurotic hungrily some and dear furiously this apart.</p>\r\n<p style=\"box-sizing: border-box; margin: 0px 0px 5px; padding: 0px; border: 0px; font-variant-numeric: inherit; font-variant-east-asian: inherit; font-stretch: inherit; font-size: 1rem; line-height: 24px; font-family: Lato, sans-serif; vertical-align: baseline; color: #7e7e7e; background-color: #ffffff;\">Spluttered narrowly yikes left moth in yikes bowed this that grizzly much hello on spoon-fed that alas rethought much decently richly and wow against the frequent fluidly at formidable acceptably flapped besides and much circa far over the bucolically hey precarious goldfinch mastodon goodness gnashed a jellyfish and one however because.</p>\r\n<ul class=\"product-more-infor mt-30\" style=\"box-sizing: border-box; padding: 0px 0px 0px 14px; border: 0px; font-variant-numeric: inherit; font-variant-east-asian: inherit; font-stretch: inherit; font-size: 14px; line-height: inherit; font-family: Lato, sans-serif; vertical-align: baseline; list-style: none; color: #7e7e7e; background-color: #ffffff; margin: 30px !important 0px 0px 0px;\">\r\n<li style=\"box-sizing: border-box; margin: 0px 0px 10px; padding: 0px; border: 0px; font: inherit; vertical-align: baseline; display: flex; position: relative;\"><span style=\"box-sizing: border-box; margin: 0px; padding: 0px; border: 0px; font: inherit; vertical-align: baseline; transition: all 0.3s ease 0s; -webkit-box-flex: 0; flex: 0 0 165px; display: inline-block;\">Type Of Packing</span>Bottle</li>\r\n<li style=\"box-sizing: border-box; margin: 0px 0px 10px; padding: 0px; border: 0px; font: inherit; vertical-align: baseline; display: flex; position: relative;\"><span style=\"box-sizing: border-box; margin: 0px; padding: 0px; border: 0px; font: inherit; vertical-align: baseline; transition: all 0.3s ease 0s; -webkit-box-flex: 0; flex: 0 0 165px; display: inline-block;\">Color</span>Green, Pink, Powder Blue, Purple</li>\r\n<li style=\"box-sizing: border-box; margin: 0px 0px 10px; padding: 0px; border: 0px; font: inherit; vertical-align: baseline; display: flex; position: relative;\"><span style=\"box-sizing: border-box; margin: 0px; padding: 0px; border: 0px; font: inherit; vertical-align: baseline; transition: all 0.3s ease 0s; -webkit-box-flex: 0; flex: 0 0 165px; display: inline-block;\">Quantity Per Case</span>100ml</li>\r\n<li style=\"box-sizing: border-box; margin: 0px 0px 10px; padding: 0px; border: 0px; font: inherit; vertical-align: baseline; display: flex; position: relative;\"><span style=\"box-sizing: border-box; margin: 0px; padding: 0px; border: 0px; font: inherit; vertical-align: baseline; transition: all 0.3s ease 0s; -webkit-box-flex: 0; flex: 0 0 165px; display: inline-block;\">Ethyl Alcohol</span>70%</li>\r\n<li style=\"box-sizing: border-box; margin: 0px; padding: 0px; border: 0px; font: inherit; vertical-align: baseline; display: flex; position: relative;\"><span style=\"box-sizing: border-box; margin: 0px; padding: 0px; border: 0px; font: inherit; vertical-align: baseline; transition: all 0.3s ease 0s; -webkit-box-flex: 0; flex: 0 0 165px; display: inline-block;\">Piece In One</span>Carton</li>\r\n</ul>\r\n<hr class=\"wp-block-separator is-style-dots\" style=\"box-sizing: content-box; height: 1px; overflow: visible; margin: 1rem 0px; color: #7e7e7e; border-top: 0px; border-right-style: initial; border-bottom-style: initial; border-left-style: initial; border-right-color: initial; border-bottom-color: initial; border-left-color: initial; border-image: initial; opacity: 0.25; font-family: Lato, sans-serif; font-size: 14px;\" />\r\n<p style=\"box-sizing: border-box; margin: 0px 0px 5px; padding: 0px; border: 0px; font-variant-numeric: inherit; font-variant-east-asian: inherit; font-stretch: inherit; font-size: 1rem; line-height: 24px; font-family: Lato, sans-serif; vertical-align: baseline; color: #7e7e7e; background-color: #ffffff;\">Laconic overheard dear woodchuck wow this outrageously taut beaver hey hello far meadowlark imitatively egregiously hugged that yikes minimally unanimous pouted flirtatiously as beaver beheld above forward energetic across this jeepers beneficently cockily less a the raucously that magic upheld far so the this where crud then below after jeez enchanting drunkenly more much wow callously irrespective limpet.</p>\r\n<h4 class=\"mt-30\" style=\"box-sizing: border-box; line-height: 1.2; font-size: 24px; padding: 0px; border: 0px; font-variant-numeric: inherit; font-variant-east-asian: inherit; font-stretch: inherit; font-family: Quicksand, sans-serif; vertical-align: baseline; transition: all 0.3s ease 0s; color: #253d4e; background-color: #ffffff; margin: 30px !important 0px 0px 0px;\">Packaging &amp; Delivery</h4>\r\n<hr class=\"wp-block-separator is-style-wide\" style=\"box-sizing: content-box; height: 1px; overflow: visible; margin: 1rem 0px; color: #7e7e7e; border-top: 0px; border-right-style: initial; border-bottom-style: initial; border-left-style: initial; border-right-color: initial; border-bottom-color: initial; border-left-color: initial; border-image: initial; opacity: 0.25; font-family: Lato, sans-serif; font-size: 14px;\" />\r\n<p style=\"box-sizing: border-box; margin: 0px 0px 5px; padding: 0px; border: 0px; font-variant-numeric: inherit; font-variant-east-asian: inherit; font-stretch: inherit; font-size: 1rem; line-height: 24px; font-family: Lato, sans-serif; vertical-align: baseline; color: #7e7e7e; background-color: #ffffff;\">Less lion goodness that euphemistically robin expeditiously bluebird smugly scratched far while thus cackled sheepishly rigid after due one assenting regarding censorious while occasional or this more crane went more as this less much amid overhung anathematic because much held one exuberantly sheep goodness so where rat wry well concomitantly.</p>\r\n<p style=\"box-sizing: border-box; margin: 0px 0px 5px; padding: 0px; border: 0px; font-variant-numeric: inherit; font-variant-east-asian: inherit; font-stretch: inherit; font-size: 1rem; line-height: 24px; font-family: Lato, sans-serif; vertical-align: baseline; color: #7e7e7e; background-color: #ffffff;\">Scallop or far crud plain remarkably far by thus far iguana lewd precociously and and less rattlesnake contrary caustic wow this near alas and next and pled the yikes articulate about as less cackled dalmatian in much less well jeering for the thanks blindly sentimental whimpered less across objectively fanciful grimaced wildly some wow and rose jeepers outgrew lugubrious luridly irrationally attractively dachshund.</p>', 'upload/products/thambnail/1740391997743770.webp', '15', 1, NULL, NULL, 1, 1, '2022-08-07 13:54:46', '2022-08-07 13:54:46');

-- --------------------------------------------------------

--
-- Table structure for table `reviews`
--

CREATE TABLE IF NOT EXISTS `reviews` (
  `id` bigint(20) UNSIGNED NOT NULL AUTO_INCREMENT,
  `product_id` bigint(20) UNSIGNED NOT NULL,
  `user_id` bigint(20) UNSIGNED NOT NULL,
  `comment` varchar(255) COLLATE utf8mb4_unicode_ci NOT NULL,
  `rating` varchar(255) COLLATE utf8mb4_unicode_ci NOT NULL,
  `status` varchar(255) COLLATE utf8mb4_unicode_ci NOT NULL DEFAULT '0',
  `vendor_id` int(11) DEFAULT NULL,
  `created_at` timestamp NULL DEFAULT NULL,
  `updated_at` timestamp NULL DEFAULT NULL,
  PRIMARY KEY (`id`),
  KEY `reviews_product_id_foreign` (`product_id`),
  KEY `reviews_user_id_foreign` (`user_id`)
) ENGINE=InnoDB AUTO_INCREMENT=11 DEFAULT CHARSET=utf8mb4 COLLATE=utf8mb4_unicode_ci;

--
-- Dumping data for table `reviews`
--

INSERT INTO `reviews` (`id`, `product_id`, `user_id`, `comment`, `rating`, `status`, `vendor_id`, `created_at`, `updated_at`) VALUES
(1, 9, 3, 'Stay home & get your daily\nneeds from our shop haksdhfklsadh fksahd fhasldsfa kfhlskadfhkasdhkf', '4', '1', 2, '2022-08-30 03:16:29', NULL),
(2, 9, 3, 'Normal Product haskldhfklashd fklh asdkfas fklsadf laasdf sdaf sdaf sdaf asdf sa sadfdskf', '3', '1', 2, '2022-08-30 03:17:51', NULL),
(4, 9, 3, 'Nice quality shirt. Very soft cotton. Good stitching. I\'d call it a medium weight fabric compared to other t-shirts. I washed it in cold water and dried on low heat but it shrank enough that I couldn\'t wear it.', '5', '0', 2, '2022-08-30 14:22:55', NULL),
(5, 6, 12, 'I am very pleased with these shirts. After several washings, warm water, tumble dry normal, there is very little shrinkage if any. They fit loose enough so they don\'t cling or hug my body like other shirts.', '4', '0', 16, '2022-08-30 14:25:17', NULL),
(6, 9, 12, 'was a bit worried, as I had ordered XL, and in other brands I needed to XXL. BTW, I am 5\'10 and weigh 190 with a 40\" waist. But these shirts were perfect. Fit perfectly, neck was just right, a', '4', '1', 2, '2022-08-30 14:25:41', '2022-08-30 14:26:05'),
(7, 6, 12, 'Purchased these along with two from another vendor. These are heavier material and fit a little tighter but contrasted with the others are not as long. Good purchase, but wish they were a little looser.', '4', '0', 16, '2022-08-30 14:29:30', NULL),
(8, 6, 12, 'I don\'t understand what in my last review on this was against the seller.\r\nI stated great product, meaning I have used before, like the way it last, launders,etc.', '5', '0', 16, '2022-08-30 14:29:44', NULL),
(9, 6, 12, 'So, I like them, and will likely order again. My only complaint is that when I reach over my head the shirt comes out of being tucked. A little longer, like maybe 1\" Amazon (or 2\" to be safe) and this would easily', '4', '1', 16, '2022-08-30 14:30:02', '2022-08-30 14:30:18'),
(10, 13, 12, 'I have rarely seen any Amazon clothing offer a tall version. I bought these in large and they are way to snug and these are advertised as loose fit. I simply can\'t find a t shirt that', '5', '1', 2, '2022-08-30 14:46:01', '2022-08-30 14:47:02');

-- --------------------------------------------------------

--
-- Table structure for table `roles`
--

CREATE TABLE IF NOT EXISTS `roles` (
  `id` bigint(20) UNSIGNED NOT NULL AUTO_INCREMENT,
  `name` varchar(255) COLLATE utf8mb4_unicode_ci NOT NULL,
  `guard_name` varchar(255) COLLATE utf8mb4_unicode_ci NOT NULL,
  `created_at` timestamp NULL DEFAULT NULL,
  `updated_at` timestamp NULL DEFAULT NULL,
  PRIMARY KEY (`id`),
  UNIQUE KEY `roles_name_guard_name_unique` (`name`,`guard_name`)
) ENGINE=InnoDB AUTO_INCREMENT=7 DEFAULT CHARSET=utf8mb4 COLLATE=utf8mb4_unicode_ci;

--
-- Dumping data for table `roles`
--

INSERT INTO `roles` (`id`, `name`, `guard_name`, `created_at`, `updated_at`) VALUES
(1, 'SuperAdmin', 'web', '2022-09-05 12:32:10', '2022-09-05 12:32:10'),
(2, 'Admin', 'web', '2022-09-05 12:32:24', '2022-09-05 12:32:24'),
(3, 'CEO', 'web', '2022-09-05 12:32:39', '2022-09-05 12:32:39'),
(4, 'Account', 'web', '2022-09-05 12:32:54', '2022-09-05 12:32:54');

-- --------------------------------------------------------

--
-- Table structure for table `role_has_permissions`
--

CREATE TABLE IF NOT EXISTS `role_has_permissions` (
  `permission_id` bigint(20) UNSIGNED NOT NULL,
  `role_id` bigint(20) UNSIGNED NOT NULL,
  PRIMARY KEY (`permission_id`,`role_id`),
  KEY `role_has_permissions_role_id_foreign` (`role_id`)
) ENGINE=InnoDB DEFAULT CHARSET=utf8mb4 COLLATE=utf8mb4_unicode_ci;

--
-- Dumping data for table `role_has_permissions`
--

INSERT INTO `role_has_permissions` (`permission_id`, `role_id`) VALUES
(1, 1),
(1, 4),
(2, 1),
(2, 4),
(3, 1),
(4, 1),
(5, 1),
(6, 1),
(8, 1),
(9, 1),
(10, 1),
(11, 1),
(12, 1),
(13, 1),
(14, 1),
(15, 1),
(16, 1),
(17, 1),
(17, 2),
(17, 3),
(18, 1),
(18, 2),
(18, 3),
(19, 1),
(19, 2),
(20, 1),
(20, 2),
(21, 1),
(21, 2),
(22, 1),
(23, 1),
(24, 1),
(25, 1),
(26, 1),
(27, 1),
(27, 2),
(28, 1),
(28, 2),
(29, 1),
(29, 2),
(30, 1),
(30, 2),
(31, 1),
(31, 2),
(32, 1),
(32, 2),
(33, 1),
(33, 2),
(34, 1),
(34, 2),
(35, 1),
(35, 2),
(36, 1),
(36, 2),
(37, 1),
(37, 2),
(38, 1),
(39, 1),
(40, 1),
(41, 1),
(41, 3),
(42, 1),
(43, 1),
(43, 3),
(44, 1),
(44, 4),
(45, 1),
(45, 3),
(46, 1),
(47, 1),
(48, 1),
(48, 4),
(49, 1),
(49, 3),
(49, 4);

-- --------------------------------------------------------

--
-- Table structure for table `seos`
--

CREATE TABLE IF NOT EXISTS `seos` (
  `id` bigint(20) UNSIGNED NOT NULL AUTO_INCREMENT,
  `meta_title` varchar(255) COLLATE utf8mb4_unicode_ci DEFAULT NULL,
  `meta_author` varchar(255) COLLATE utf8mb4_unicode_ci DEFAULT NULL,
  `meta_keyword` varchar(255) COLLATE utf8mb4_unicode_ci DEFAULT NULL,
  `meta_description` text COLLATE utf8mb4_unicode_ci DEFAULT NULL,
  `created_at` timestamp NULL DEFAULT NULL,
  `updated_at` timestamp NULL DEFAULT NULL,
  PRIMARY KEY (`id`)
) ENGINE=InnoDB AUTO_INCREMENT=2 DEFAULT CHARSET=utf8mb4 COLLATE=utf8mb4_unicode_ci;

--
-- Dumping data for table `seos`
--

INSERT INTO `seos` (`id`, `meta_title`, `meta_author`, `meta_keyword`, `meta_description`, `created_at`, `updated_at`) VALUES
(1, 'easy multivendor online shop', 'Kazi Ariyan', 'best online shop, best tshirt, best shop', 'Learn Programing skills, from absolute beginner to advanced mastery.We try to create project base course which help your to learn professionally and make you fell as a complete developer', NULL, '2022-09-04 01:35:42');

-- --------------------------------------------------------

--
-- Table structure for table `ship_districts`
--

CREATE TABLE IF NOT EXISTS `ship_districts` (
  `id` bigint(20) UNSIGNED NOT NULL AUTO_INCREMENT,
  `division_id` bigint(20) UNSIGNED NOT NULL,
  `district_name` varchar(255) COLLATE utf8mb4_unicode_ci NOT NULL,
  `created_at` timestamp NULL DEFAULT NULL,
  `updated_at` timestamp NULL DEFAULT NULL,
  PRIMARY KEY (`id`)
) ENGINE=InnoDB AUTO_INCREMENT=11 DEFAULT CHARSET=utf8mb4 COLLATE=utf8mb4_unicode_ci;

--
-- Dumping data for table `ship_districts`
--

INSERT INTO `ship_districts` (`id`, `division_id`, `district_name`, `created_at`, `updated_at`) VALUES
(1, 1, 'Faridpur', NULL, '2022-08-18 14:19:01'),
(2, 1, 'Gazipur', NULL, NULL),
(3, 1, 'Gopalganj', NULL, NULL),
(4, 2, 'Comilla', NULL, NULL),
(5, 2, 'Cox\'s Bazar', NULL, NULL),
(6, 2, 'Lakshmipur', NULL, NULL),
(7, 2, 'Noakhali', NULL, NULL),
(8, 3, 'Kushtia', NULL, NULL),
(9, 3, 'Magura', NULL, NULL);

-- --------------------------------------------------------

--
-- Table structure for table `ship_divisions`
--

CREATE TABLE IF NOT EXISTS `ship_divisions` (
  `id` bigint(20) UNSIGNED NOT NULL AUTO_INCREMENT,
  `division_name` varchar(255) COLLATE utf8mb4_unicode_ci NOT NULL,
  `created_at` timestamp NULL DEFAULT NULL,
  `updated_at` timestamp NULL DEFAULT NULL,
  PRIMARY KEY (`id`)
) ENGINE=InnoDB AUTO_INCREMENT=9 DEFAULT CHARSET=utf8mb4 COLLATE=utf8mb4_unicode_ci;

--
-- Dumping data for table `ship_divisions`
--

INSERT INTO `ship_divisions` (`id`, `division_name`, `created_at`, `updated_at`) VALUES
(1, 'Dhaka', NULL, NULL),
(2, 'Chittagong', NULL, NULL),
(3, 'Khulna', NULL, NULL),
(4, 'Mymensingh', NULL, NULL),
(5, 'Rajshahi', NULL, NULL),
(6, 'Rangpur', NULL, NULL),
(7, 'Sylhet', NULL, NULL);

-- --------------------------------------------------------

--
-- Table structure for table `ship_states`
--

CREATE TABLE IF NOT EXISTS `ship_states` (
  `id` bigint(20) UNSIGNED NOT NULL AUTO_INCREMENT,
  `division_id` bigint(20) UNSIGNED NOT NULL,
  `district_id` bigint(20) UNSIGNED NOT NULL,
  `state_name` varchar(255) COLLATE utf8mb4_unicode_ci NOT NULL,
  `created_at` timestamp NULL DEFAULT NULL,
  `updated_at` timestamp NULL DEFAULT NULL,
  PRIMARY KEY (`id`)
) ENGINE=InnoDB AUTO_INCREMENT=20 DEFAULT CHARSET=utf8mb4 COLLATE=utf8mb4_unicode_ci;

--
-- Dumping data for table `ship_states`
--

INSERT INTO `ship_states` (`id`, `division_id`, `district_id`, `state_name`, `created_at`, `updated_at`) VALUES
(1, 1, 1, 'Charbhadrasan Upazila', NULL, NULL),
(2, 1, 1, 'Faridpur Sadar Upazila', NULL, NULL),
(3, 1, 1, 'Madhukhali Upazila', NULL, NULL),
(4, 1, 2, 'Gazipur Sadar Upazila11', NULL, '2022-08-18 15:14:20'),
(5, 1, 2, 'Kaliakair Upazila', NULL, NULL),
(7, 1, 2, 'Kapasia Upazila', NULL, NULL),
(8, 2, 4, 'Barura Upazila', NULL, NULL),
(9, 2, 4, 'Brahmanpara Upazila', NULL, NULL),
(10, 2, 4, 'Burichong Upazila', NULL, NULL),
(11, 2, 5, 'Ramu Upazila', NULL, NULL),
(12, 2, 5, 'Teknaf Upazila', NULL, NULL),
(13, 2, 5, 'Ukhia Upazila', NULL, NULL),
(14, 3, 8, 'Bheramara', NULL, NULL),
(15, 3, 8, 'Daulatpur', NULL, NULL),
(16, 3, 8, 'Khoksa', NULL, NULL),
(17, 3, 9, 'Magura Sadar Upazila', NULL, NULL),
(18, 3, 9, 'Mohammadpur Upazila', NULL, NULL),
(19, 3, 9, 'Shalikha Upazila', NULL, NULL);

-- --------------------------------------------------------

--
-- Table structure for table `site_settings`
--

CREATE TABLE IF NOT EXISTS `site_settings` (
  `id` bigint(20) UNSIGNED NOT NULL AUTO_INCREMENT,
  `logo` varchar(255) COLLATE utf8mb4_unicode_ci DEFAULT NULL,
  `support_phone` varchar(255) COLLATE utf8mb4_unicode_ci DEFAULT NULL,
  `phone_one` varchar(255) COLLATE utf8mb4_unicode_ci DEFAULT NULL,
  `email` varchar(255) COLLATE utf8mb4_unicode_ci DEFAULT NULL,
  `company_address` text COLLATE utf8mb4_unicode_ci DEFAULT NULL,
  `facebook` varchar(255) COLLATE utf8mb4_unicode_ci DEFAULT NULL,
  `twitter` varchar(255) COLLATE utf8mb4_unicode_ci DEFAULT NULL,
  `youtube` varchar(255) COLLATE utf8mb4_unicode_ci DEFAULT NULL,
  `copyright` varchar(255) COLLATE utf8mb4_unicode_ci DEFAULT NULL,
  `created_at` timestamp NULL DEFAULT NULL,
  `updated_at` timestamp NULL DEFAULT NULL,
  PRIMARY KEY (`id`)
) ENGINE=InnoDB AUTO_INCREMENT=2 DEFAULT CHARSET=utf8mb4 COLLATE=utf8mb4_unicode_ci;

--
-- Dumping data for table `site_settings`
--

INSERT INTO `site_settings` (`id`, `logo`, `support_phone`, `phone_one`, `email`, `company_address`, `facebook`, `twitter`, `youtube`, `copyright`, `created_at`, `updated_at`) VALUES
(1, 'upload/logo/1743021438232663.png', '1900 - 882', '540-025-124553', 'Support@easylearningbd.com', 'Campbell Ave undefined Kent, Utah 53127 United States', 'https://www.facebook.com/ele', 'https://twitter.com/easy', 'https://www.youtube.com/easy', ' Easy Learning 2022', NULL, '2022-09-04 01:06:27');

-- --------------------------------------------------------

--
-- Table structure for table `sliders`
--

CREATE TABLE IF NOT EXISTS `sliders` (
  `id` bigint(20) UNSIGNED NOT NULL AUTO_INCREMENT,
  `slider_title` varchar(255) COLLATE utf8mb4_unicode_ci NOT NULL,
  `short_title` varchar(255) COLLATE utf8mb4_unicode_ci NOT NULL,
  `slider_image` varchar(255) COLLATE utf8mb4_unicode_ci NOT NULL,
  `created_at` timestamp NULL DEFAULT NULL,
  `updated_at` timestamp NULL DEFAULT NULL,
  PRIMARY KEY (`id`)
) ENGINE=InnoDB AUTO_INCREMENT=4 DEFAULT CHARSET=utf8mb4 COLLATE=utf8mb4_unicode_ci;

--
-- Dumping data for table `sliders`
--

INSERT INTO `sliders` (`id`, `slider_title`, `short_title`, `slider_image`, `created_at`, `updated_at`) VALUES
(1, '11this is our slider one title', '11this is our slider one Short title', 'upload/slider/1740458428862987.png', NULL, '2022-08-06 18:01:44'),
(2, 'nice some tiing test in there', 'Course Name One', 'upload/slider/1740458445299745.png', NULL, '2022-08-06 18:01:58');

-- --------------------------------------------------------

--
-- Table structure for table `sub_categories`
--

CREATE TABLE IF NOT EXISTS `sub_categories` (
  `id` bigint(20) UNSIGNED NOT NULL AUTO_INCREMENT,
  `category_id` int(11) NOT NULL,
  `subcategory_name` varchar(255) COLLATE utf8mb4_unicode_ci NOT NULL,
  `subcategory_slug` varchar(255) COLLATE utf8mb4_unicode_ci NOT NULL,
  `created_at` timestamp NULL DEFAULT NULL,
  `updated_at` timestamp NULL DEFAULT NULL,
  PRIMARY KEY (`id`)
) ENGINE=InnoDB AUTO_INCREMENT=17 DEFAULT CHARSET=utf8mb4 COLLATE=utf8mb4_unicode_ci;

--
-- Dumping data for table `sub_categories`
--

INSERT INTO `sub_categories` (`id`, `category_id`, `subcategory_name`, `subcategory_slug`, `created_at`, `updated_at`) VALUES
(2, 1, 'Mans Bottom Ware', 'mans-bottom-ware', NULL, NULL),
(3, 2, 'Computer Peripherals', 'computer-peripherals', NULL, NULL),
(4, 2, 'Mobile Accessory', 'mobile-accessory', NULL, NULL),
(5, 3, 'Home Furnishings', 'home-furnishings', NULL, NULL),
(6, 1, 'Mans Top Ware', 'mans-top-ware', NULL, NULL),
(7, 1, 'Women Footwear', 'women-footwear', NULL, '2022-07-30 02:17:41'),
(8, 3, 'Living Room', 'living-room', NULL, NULL),
(9, 3, 'Home Decor', 'home-decor', NULL, NULL),
(10, 4, 'Televisions', 'televisions', NULL, '2022-07-30 02:18:38'),
(11, 4, 'Washing Machines', 'washing-machines', NULL, NULL),
(12, 4, 'Refrigerators', 'refrigerators', NULL, NULL),
(13, 9, 'Apple', 'apple', NULL, NULL),
(14, 9, 'Samsung', 'samsung', NULL, NULL),
(15, 9, 'OPPO', 'oppo', NULL, NULL),
(16, 5, 'Woman Mackup', 'woman-mackup', NULL, NULL);

-- --------------------------------------------------------

--
-- Table structure for table `users`
--

CREATE TABLE IF NOT EXISTS `users` (
  `id` bigint(20) UNSIGNED NOT NULL AUTO_INCREMENT,
  `name` varchar(255) COLLATE utf8mb4_unicode_ci NOT NULL,
  `username` varchar(255) COLLATE utf8mb4_unicode_ci DEFAULT NULL,
  `email` varchar(255) COLLATE utf8mb4_unicode_ci NOT NULL,
  `email_verified_at` timestamp NULL DEFAULT NULL,
  `password` varchar(255) COLLATE utf8mb4_unicode_ci NOT NULL,
  `photo` varchar(255) COLLATE utf8mb4_unicode_ci DEFAULT NULL,
  `phone` varchar(255) COLLATE utf8mb4_unicode_ci DEFAULT NULL,
  `address` text COLLATE utf8mb4_unicode_ci DEFAULT NULL,
  `vendor_join` varchar(255) COLLATE utf8mb4_unicode_ci DEFAULT NULL,
  `vendor_short_info` text COLLATE utf8mb4_unicode_ci DEFAULT NULL,
  `role` enum('admin','vendor','user') COLLATE utf8mb4_unicode_ci NOT NULL DEFAULT 'user',
  `status` enum('active','inactive') COLLATE utf8mb4_unicode_ci NOT NULL DEFAULT 'active',
  `last_seen` varchar(255) COLLATE utf8mb4_unicode_ci DEFAULT NULL,
  `remember_token` varchar(100) COLLATE utf8mb4_unicode_ci DEFAULT NULL,
  `created_at` timestamp NULL DEFAULT NULL,
  `updated_at` timestamp NULL DEFAULT NULL,
  PRIMARY KEY (`id`),
  UNIQUE KEY `users_email_unique` (`email`)
) ENGINE=InnoDB AUTO_INCREMENT=24 DEFAULT CHARSET=utf8mb4 COLLATE=utf8mb4_unicode_ci;

--
-- Dumping data for table `users`
--

INSERT INTO `users` (`id`, `name`, `username`, `email`, `email_verified_at`, `password`, `photo`, `phone`, `address`, `vendor_join`, `vendor_short_info`, `role`, `status`, `last_seen`, `remember_token`, `created_at`, `updated_at`) VALUES
(1, 'Admin', 'admin', 'admin@gmail.com', NULL, '$2y$10$yT34GFol.Gan7EwX7zcl3ODRnid2CwRKRWlkNBHC085wzWmSqYir6', '202207202040ariyan.jpg', '343434111', 'usa sadhf hasdk', NULL, NULL, 'admin', 'active', '2022-09-06 21:16:55', NULL, NULL, '2022-09-06 15:16:55'),
(2, 'Nest Food.,Ltd', 'vendor', 'vendor@gmail.com', NULL, '$2y$10$WJDXIJ6Cd4r7iUgCOeuKp.URwHocQGbCPQTZCX8jT/bY4jHKISDEG', '202207212102vendor-16 (1).png', '540-025-124553', 'Campbell Ave undefined', '2023', 'Got a smooth, buttery spread in your fridge? Chances are good that it\'s Good Chef. This brand made Lionto\'s list of the most popular grocery brands across the country.', 'vendor', 'active', '2022-08-30 21:05:27', NULL, NULL, '2022-08-30 15:05:27'),
(3, 'User', 'user', 'user@gmail.com', NULL, '$2y$10$mHfto9G3nBws8mC5HtcuXusDEcrBjXFoYkHIvmuCf31Ca9/mgSPBq', '202207242133images (1).png', '4343434111', 'usa', NULL, NULL, 'user', 'active', '2022-09-06 20:23:15', NULL, NULL, '2022-09-06 14:23:15'),
(12, 'kazi', 'Kazi', 'kazi@gmail.com', NULL, '$2y$10$npbh7XSmnCXWXHO4WtbKc.5XkQIErgede9URgWAHkbnOd71a2qYBe', '2022082912100bfc3c5b20c439c4972383592e1c26bc.jpg', '43343434', 'India', NULL, NULL, 'user', 'active', '2022-08-30 20:47:11', NULL, '2022-07-18 13:34:14', '2022-08-30 14:47:11'),
(13, 'Khan', NULL, 'khan@gmail.com', NULL, '$2y$10$7/N1PrnL5vsKHldHsUw/AO0WdJKF41kzyp268qSrNXU.rcnrT6AMu', NULL, NULL, NULL, NULL, NULL, 'user', 'active', NULL, NULL, '2022-07-24 14:01:41', '2022-07-24 14:01:41'),
(14, 'Walton', 'walton', 'walton@gmail.com', NULL, '$2y$10$sjSQDpa.uAGwBJAsC7DZo.wO/1tlmgA52qKddOFPygoRAbP31YxQK', '202208060510walton-logo-6FFC938D01-seeklogo.com.png', '34343434', 'Plot-1088, Block-I, Sabrina Sobhan Road P.O-Khilkhet, P.S-Vatara,', '2022', 'Walton is the latest multinational electrical, electronics, automobiles and other appliances brand with one of the largest well equipped R & I facilities in the world carried out its production through different subsidiaries under the banner of Walton group headquarters in Bangladesh.', 'vendor', 'active', NULL, NULL, NULL, '2022-08-05 23:11:43'),
(15, 'Sony', 'sony', 'sony@gmail.com', NULL, '$2y$10$n3A9mkJfZg3NAsM.Hk0nA./Kf9NWm2TnK6ZSz.9KgYV8T5AIMwbXW', '202208060514sony-vector-logo-small.png', '018652586552', '1311 Jones Underpass City Hermannfort', '2022', 'Sony Corporation is the company responsible for the Sony Group\'s Entertainment, Technology & Services (ET&S) business.', 'vendor', 'active', NULL, NULL, NULL, '2022-08-05 23:14:59'),
(16, 'Expart Fashion', 'expart', 'expart@gmail.com', NULL, '$2y$10$sSULg8wORgRUVmHaOTRw4.OEsrBHq5M6ngP9De.SXNBfAu5CiXwta', '202208060516logo0000.png', '01578522545', 'Abila Fashion Garments(PVT) Ltd. Plot - 127 Bscic 1/A Anayetenagor Fatullah', '2022', 'Quality, Price , Delivery & Service We are Introduce our company as X - Part Fashion & Clothing For more than 15 year we are engaged in Apparel manufacturing and Trading business. X - Part Fashion & Clothing has supplied all type of Fashion wear', 'vendor', 'active', NULL, NULL, NULL, '2022-08-05 23:16:58'),
(17, 'Raju1', 'raju', 'raju@gmail.com', NULL, '$2y$10$4VF5X/SUErwsetq99yI3WOmv9PBvL2tgitYFp8LgT2UQ7d2tm0KNW', '202209052208download.jpg', '113434343', '11usa', NULL, NULL, 'admin', 'active', '2022-09-06 08:36:03', NULL, '2022-09-05 16:05:38', '2022-09-06 02:36:03'),
(19, 'Easy', 'easy', 'easy@gmail.com', NULL, '$2y$10$Al3y1Y2Y/v.BBhmaZ.tyCeQy92JFo3avkC/w6vQotaxjxFfvmribW', '202209060733male-avatar-profile-picture-purple-member-vector-5351353.jpg', '343434', 'Bangaldesh', NULL, NULL, 'admin', 'active', '2022-09-06 08:05:24', NULL, '2022-09-06 01:21:06', '2022-09-06 02:05:24'),
(20, 'Manik', 'manik', 'manik@gmail.com', NULL, '$2y$10$UenzDMtX9FEb7ftw0IOjHeeRSBILWgmCiuiCnxB.KCXtNRSTS0/yS', NULL, '343434', 'India', NULL, NULL, 'admin', 'active', NULL, NULL, '2022-09-06 01:22:11', '2022-09-06 01:22:11'),
(21, 'ele', 'ele', 'ele@gmail.com', NULL, '$2y$10$FCGx5OcQekduNMfaYtX6MOUHMnPkXR/0aCR6vprXIpxKwpAPjnUjK', '202209060824download.jpg', '2323233', 'Usa', NULL, NULL, 'admin', 'active', '2022-09-06 08:35:59', NULL, '2022-09-06 02:22:01', '2022-09-06 02:35:59'),
(22, 'halal', 'Halal', 'halal@gmail.com', NULL, '$2y$10$Qf5UOqT3EioGYsv6o/utl.vjg4Al3.OCnJtxiiTnprdyLOjKz9rgG', NULL, '4343434', NULL, '2022', NULL, 'vendor', 'active', '2022-09-06 21:16:50', NULL, NULL, '2022-09-06 15:16:50'),
(23, 'Kamal', NULL, 'kamal@gmail.com', NULL, '$2y$10$1vnTHVa7l3l.7K5RsRj9q.8IfeFVsV5CV6O.cVaqM79XK.mClPBpe', NULL, NULL, NULL, NULL, NULL, 'user', 'active', NULL, NULL, '2022-09-06 14:50:49', '2022-09-06 14:50:49');

-- --------------------------------------------------------

--
-- Table structure for table `wishlists`
--

CREATE TABLE IF NOT EXISTS `wishlists` (
  `id` bigint(20) UNSIGNED NOT NULL AUTO_INCREMENT,
  `user_id` bigint(20) UNSIGNED NOT NULL,
  `product_id` bigint(20) UNSIGNED NOT NULL,
  `created_at` timestamp NULL DEFAULT NULL,
  `updated_at` timestamp NULL DEFAULT NULL,
  PRIMARY KEY (`id`)
) ENGINE=InnoDB AUTO_INCREMENT=18 DEFAULT CHARSET=utf8mb4 COLLATE=utf8mb4_unicode_ci;

--
-- Dumping data for table `wishlists`
--

INSERT INTO `wishlists` (`id`, `user_id`, `product_id`, `created_at`, `updated_at`) VALUES
(14, 3, 26, '2022-08-15 15:04:32', NULL);

--
-- Constraints for dumped tables
--

--
-- Constraints for table `model_has_permissions`
--
ALTER TABLE `model_has_permissions`
  ADD CONSTRAINT `model_has_permissions_permission_id_foreign` FOREIGN KEY (`permission_id`) REFERENCES `permissions` (`id`) ON DELETE CASCADE;

--
-- Constraints for table `model_has_roles`
--
ALTER TABLE `model_has_roles`
  ADD CONSTRAINT `model_has_roles_role_id_foreign` FOREIGN KEY (`role_id`) REFERENCES `roles` (`id`) ON DELETE CASCADE;

--
-- Constraints for table `order_items`
--
ALTER TABLE `order_items`
  ADD CONSTRAINT `order_items_order_id_foreign` FOREIGN KEY (`order_id`) REFERENCES `orders` (`id`) ON DELETE CASCADE;

--
-- Constraints for table `reviews`
--
ALTER TABLE `reviews`
  ADD CONSTRAINT `reviews_product_id_foreign` FOREIGN KEY (`product_id`) REFERENCES `products` (`id`) ON DELETE CASCADE,
  ADD CONSTRAINT `reviews_user_id_foreign` FOREIGN KEY (`user_id`) REFERENCES `users` (`id`) ON DELETE CASCADE;

--
-- Constraints for table `role_has_permissions`
--
ALTER TABLE `role_has_permissions`
  ADD CONSTRAINT `role_has_permissions_permission_id_foreign` FOREIGN KEY (`permission_id`) REFERENCES `permissions` (`id`) ON DELETE CASCADE,
  ADD CONSTRAINT `role_has_permissions_role_id_foreign` FOREIGN KEY (`role_id`) REFERENCES `roles` (`id`) ON DELETE CASCADE;
COMMIT;

/*!40101 SET CHARACTER_SET_CLIENT=@OLD_CHARACTER_SET_CLIENT */;
/*!40101 SET CHARACTER_SET_RESULTS=@OLD_CHARACTER_SET_RESULTS */;
/*!40101 SET COLLATION_CONNECTION=@OLD_COLLATION_CONNECTION */;
